Forge,Link Count
github.com,74
gitlab.com,1
www.npmjs.com,0
bitbucket.org,2
pkg.go.dev,0
code.launchpad.net,0
googlecode.com,0
pypi.org,1
repo1.maven.org,0
git.code.sf.net,0
gitorious.org,0
svn.code.sf.net,0
git.launchpad.net,0
a.cvs.sourceforge.net,0
salsa.debian.org,0
src.fedoraproject.org,0
git.drupalcode.org,0
pub.dev,0
codeberg.org,0
gitlab.archlinux.org,0
framagit.org,1
snapshot.debian.org,0
cran.r-project.org,0
hdiff.luite.com,0
hg.code.sf.net,0
gitlab.gnome.org,0
gitlab.cern.ch,0
code.opensuse.org,0
gitlab.freedesktop.org,0
invent.kde.org,0
gitgud.io,0
pagure.io,0
source.codeaurora.org,0
git.centos.org,0
gitlab.inria.fr,10
hackage.haskell.org,0
gitlab.apertis.org,0
repo.or.cz,0
gitea.com,0
cygwin.com,0
git.codelinaro.org,0
svn.osdn.net,0
static.crates.io,0
dev.getsol.us,0
git.disroot.org,0
files.pythonhosted.org,0
gitlab.kitware.com,0
git.dgit.debian.org,0
gitlab.se.ifmo.ru,0
opam.ocaml.org,0
android.googlesource.com,0
git.eclipse.org,0
www.tug.org,0
texlive.info,0
git.almalinux.org,0
git.pf.osdn.net,0
git.rwth-aachen.de,0
anonymous@cvs.osdn.net,0
gitlab.oit.duke.edu,0
git.savannah.gnu.org,0
gitlab.eif.urjc.es,0
gitlab.manjaro.org,0
svn.apache.org,0
git.baserock.org,0
gitlab.gwdg.de,0
gricad-gitlab.univ-grenoble-alpes.fr,0
gitlab.eclipse.org,0
apache.googlesource.com,0
gitee.com,0
anongit.kde.org,0
code.google.com,0
opendev.org,0
0xacab.org,0
git.kernel.org,0
rubygems.org,0
phabricator.wikimedia.org,0
code.videolan.org,0
www.softwareheritage.org,0
forgemia.inra.fr,0
gitlab.univ-lille.fr,0
chromium.googlesource.com,0
bioconductor.org,0
gitlab.wikimedia.org,0
gitlab.ow2.org,0
fedorapeople.org,0
cpan.metacpan.org,0
gitlab.riscosopen.org,0
gitlab.alpinelinux.org,0
ftp.gnu.org,0
git.torproject.org,0
scm.osdn.net,0
git.osdn.net,0
git.replicant.us,0
downloads.sourceforge.net,0
gitlab.redox-os.org,0
gitlab.torproject.org,0
svn.codehaus.org,0
kernel.googlesource.com,0
scm.gforge.inria.fr,0
gitlab.haskell.org,0
gitlab.exherbo.org,0
gitlab.eurecom.fr,0
gitlab.collabora.com,0
phabricator.kde.org,0
codebase.helmholtz.cloud,0
gite.lirmm.fr,0
gitlab.common-lisp.net,0
download.gnome.org,0
www.cpan.org,0
download.kde.org,0
oss.oracle.com,0
gitlab.developers.cam.ac.uk,0
gitlab.xfce.org,0
gitlab-student.centralesupelec.fr,0
gitlab.fi.muni.cz,0
objects.githubusercontent.com,0
gitlab.esrf.fr,0
git.envs.net,0
cdn.kernel.org,0
gitlab.opencode.de,0
git.sr.ht,0
ftpmirror.gnu.org,0
gitlab.constantvzw.org,0
gitbox.apache.org,0
git.cloudron.io,0
hg.osdn.net,0
gitlab.ics.muni.cz,0
anongit.gentoo.org,0
svn.tuxfamily.org,0
gitlab.dune-project.org,0
projects.blender.org,0
git.imp.fu-berlin.de,0
gist.github.com,0
gitlab.lrz.de,0
gitlab.coko.foundation,0
git.fsfe.org,0
gitlab.nic.cz,0
sourceforge.net,0
gitlab.incom.co,0
git.ti.com,0
gitlab.crans.org,0
gitlab.ub.uni-bielefeld.de,0
hal.archives-ouvertes.fr,9
gitweb.torproject.org,0
git.flow3r.garden,0
anonsvn.jboss.org,0
svn.pf.osdn.net,0
git.cryto.net,0
gitlab.e.foundation,0
git.coop,0
git.informatik.uni-leipzig.de,0
foss.heptapod.net,0
plmlab.math.cnrs.fr,0
fuchsia.googlesource.com,0
gitlab.softwareheritage.org,0
coq.inria.fr,0
foss-eda-tools.googlesource.com,0
gitlab.raptorengineering.com,0
gitlab.cecs.anu.edu.au,0
svn.dev.java.net,0
heptapod.host,0
gitlab.ebi.ac.uk,0
gitea.it,0
git.devuan.org,0
extensions.gnome.org,0
git.alpinelinux.org,0
git.duniter.org,0
gitlab.hrz.tu-chemnitz.de,0
gitlab.bsc.es,0
svn.forge.objectweb.org,0
git.gnu.org.ua,0
git-ce.rwth-aachen.de,0
gitlab.mpi-sws.org,0
git.entrouvert.org,0
git.planet-casio.com,0
sourceware.org,0
forge.extranet.logilab.fr,0
code.qt.io,0
git.iem.at,0
bazaar.leonerd.org.uk,0
git.dotya.ml,0
chaos.expert,0
git.proxmox.com,0
gitea.pep.foundation,0
code.europa.eu,0
git.minetest.land,0
git.gitano.org.uk,0
gitlab.switch.ch,0
git.zx2c4.com,0
git.chiark.greenend.org.uk,0
git.autistici.org,0
gitlab.kwant-project.org,0
git.samba.org,0
git.ghostscript.com,0
gitlab.unimelb.edu.au,0
gitea.osmocom.org,0
git.openprivacy.ca,0
shithub.us,0
git.astron.nl,0
svn.kuali.org,0
git.enlightenment.org,0
source.sakaiproject.org,0
gitlab-research.centralesupelec.fr,0
git.renater.fr,0
sourcesup.renater.fr,0
svn.java.net,0
svn.sonatype.org,0
git.beagleboard.org,0
gitlab.windenergy.dtu.dk,0
git.samba.or,0
beta.quicklisp.org,0
git.shadowcat.co.uk,0
git.eleves.ens.fr,0
gitlab.obspm.fr,0
gitlab.synchrotron-soleil.fr,0
git.automotivelinux.org,0
openbeagle.org,0
git.ufz.de,0
gitlab.huma-num.fr,0
gerrit.googlesource.com,0
hg.pf.osdn.net,0
subversion.renater.fr,0
forge.softwareheritage.org,0
scm.sourcesup.renater.fr,0
git.unistra.fr,0
gitli.stratum0.org,0
git.fluxo.info,0
gitlab.dkrz.de,0
git.hyperbola.info:50100,0
svn.dsource.org,0
git.pengutronix.de,0
git.h8u.de,0
gitlab.mister-muffin.de,0
hg.tryton.org,0
gitlab.xiph.org,0
git.osgeo.org,0
kolaente.dev,0
git.ipfire.org,0
xorg.freedesktop.org,0
git.iws.uni-stuttgart.de,0
gitlab.eng.unimelb.edu.au,0
annas-software.org,0
git.furworks.de,0
git.com.de,0
git.gitlab.arm.com,0
git.do.srb2.org,0
git.laquadrature.net,0
elpa.gnu.org,0
www.x.org,0
git.yoctoproject.org,0
gitlab.linphone.org,0
svn.nuiton.org,0
archive.xfce.org,0
repo.hex.pm,0
git.adelielinux.org,0
gitlab.physik.uni-muenchen.de,0
doi.org,14
git.ivysaur.me,0
evolvis.org,0
raw.githubusercontent.com,1
gitlab.lip6.fr,0
linux-libre.fsfla.org,0
download.qt.io,0
git-wip-us.apache.org,0
gitlab.trisquel.org,0
gitlab.adullact.net,0
repo.hu,0
gitlab.lis-lab.fr,0
gitlab.irstea.fr,0
code.blicky.net,0
andy_jefferson@svn.code.sf.net,0
gitea.c3d2.de,0
notabug.org,0
code.mathr.co.uk,0
git.oschina.net,0
git.joeyh.name,0
gitea.moe,0
git.froggi.es,0
gitlab.mbb.cnrs.fr,0
gitlab.nuiton.org,0
git.madhouse-project.org,0
git.archive.org,0
git.libreoffice.org,0
svn.geomajas.org,0
git.afpy.org,0
gitlab.spline.inf.fu-berlin.de,0
git.supernets.org,0
gitlab.tails.boum.org,0
git.data.coop,0
git.distorted.org.uk,0
gitlab.opengeosys.org,0
keep.imfreedom.org,0
git.math.uzh.ch,0
git.lavasoftware.org,0
guest@svn.dev.java.net,0
git.syndicate-lang.org,0
forge.univ-lyon1.fr,0
gitea.ladish.org,0
gitlab.isc.org,0
forge.grandlyon.com,0
gitlab.orfeo-toolbox.org,0
dart.googlesource.com,0
gitlab.bzed.at,0
git.asonix.dog,0
code.ffdn.org,0
gitlab.cri.epita.fr,0
git.deuxfleurs.fr,0
git.approximate.life,0
gitlab.anu.edu.au,0
git.sindominio.net,0
git.0x90.space,0
gitea.slowb.ro,0
git.php.net,0
git.libre-soc.org,0
bgstack15.ddns.net,0
git.drk.sc,0
libvirt.org,0
coral.googlesource.com,0
gitlab.gnugen.ch,0
git.icinga.com,0
gitea.auro.re,0
git.freeside.biz,0
source.denx.de,0
gitlab.telecom-paris.fr,0
git.benjamin.barenblat.name,0
git.hardenedbsd.org,0
git.dynare.org,0
gitlab.linux.community,0
source.mnt.re,0
thrig.me,0
jxself.org,0
git.eta.st,0
gitlab.lisn.upsaclay.fr,0
regionhalland.visualstudio.com,0
git.cryptech.is,0
sources.debian.org,0
svn.petalslink.org,0
git.hcoop.net,0
git.donarmstrong.com,0
git.gag.com,0
pub.mate-desktop.org,0
svn.icculus.org,0
git.congatec.com,0
gitea.treehouse.systems,0
git.ao2.it,0
subversion.assembla.com,0
dlcdn.apache.org,0
download.savannah.gnu.org,0
abf.io,0
scm.dspace.org,0
gitlab.tt-rss.org,0
git.ecker.tech,0
git.ik.bme.hu,0
git.ieval.ro,0
git.glasklar.is,0
git.pleroma.social,0
alexschroeder.ch,0
svn.zdechov.net,0
git.2f30.org,0
pigweed.googlesource.com,0
g.blicky.net,0
dev.sanctum.geek.nz,0
git.postgresql.org,0
gitlab.denx.de,0
gitlab.rrze.fau.de,0
gitea.artixlinux.org,0
gitlab.mim-libre.fr,0
gogs.univ-littoral.fr,0
git.gnunet.org,0
mirrors.ocf.berkeley.edu,0
launchpad.net,0
git.cworth.org,0
git.taler.net,0
projects.sucs.org,0
git.ssh.surf,0
git.hadrons.org,0
git.enea.com,0
source.jasig.org,0
git.linux-nfs.org,0
gitea.swigg.net,0
git.2li.ch,0
git.exeter.ac.uk,0
source.netsurf-browser.org,0
git.tt-rss.org,0
git.kompot.si,0
gitlab.cwp.govt.nz,0
jomc.svn.sourceforge.net,0
git.bubu1.eu,0
git.compilenix.org,0
git.eigenstate.org,0
mran.revolutionanalytics.com,0
hg.icculus.org,0
git.captnemo.in,0
git.fps.ee,0
gitlab.mbb.univ-montp2.fr,0
git.spwhitton.name,0
git.bitmycode.com,0
git.askiiart.net,0
registry.npmjs.org,0
git.progress-linux.org,0
git.finalrewind.org,0
depp.brause.cc,0
git.kuschku.de,0
gitea.invidious.io,0
bitreich.org,0
git.andrewyu.org,0
git.puscii.nl,0
lindi.iki.fi,0
git.eeqj.de,0
evilpiepirate.org,0
git.codelabs.ch,0
git.vitali64.duckdns.org,0
www.kylheku.com,0
git.defora.org,0
git.calculate-linux.org,0
gitlab.iqrf.org,0
cdm-project.com,0
svn.jboss.org,0
git.build2.org,0
git.0pointer.net,0
gitea.blesmrt.net,0
flutter.googlesource.com,0
r-36.net,0
gitea.arpa.li,0
code.aliyun.com,0
gitlab.brokenpipe.de,0
svn.marvelution.com,0
git.froth.zone,0
git.infradead.org,0
git.eyrie.org,0
skia.googlesource.com,0
gitea.elara.ws,0
gitlab.factory.social.gouv.fr,0
git.rjp.is,0
gitea.dmz.rs,0
git.archlinux.org,0
gitlab.dsi.universite-paris-saclay.fr,0
git.stderr.nl,0
dev.eclipse.org,0
dspace.svn.sourceforge.net,0
git.grml.org,0
gopkg.in,0
www.ja-sig.org,0
git.bitwiz.org.uk,0
gstreamer.freedesktop.org,0
gitlab.fusiondirectory.org,0
git.acid.vegas,0
go.googlesource.com,0
download.netsurf-browser.org,0
gitorious.ow2.org,0
git.acdw.net,0
www.freedesktop.org,0
git.concertos.live,0
code.umd.edu,0
git.logicalhacking.com,0
a3nm.net,0
git.sciprog.center,0
gitlab.futo.org,0
gitea.angry.im,0
repo.aster.it,0
git.codemadness.org,0
wowana.me,0
www-eu.apache.org,0
git.bleu255.com,0
devheroes.codes,0
smlnj.cs.uchicago.edu,0
git.causal.agency,0
gitlab.u-psud.fr,0
git.tartarus.org,0
git.chylex.com,0
httpredir.debian.org,0
git.fs.lmu.de,0
gitlab.digitalcourage.de,0
svn.osgeo.org,0
developer.blender.org,0
git.riconnect.de,0
bzr.osdn.net,0
k.sfconservancy.org,0
repo.dec05eba.com,0
gitlab.fuss.bz.it,0
e.coding.net,0
git.trueelena.org,0
git.netwichtig.de,0
mirror.easyname.at,0
gitea.sysmocom.de,0
git.in-ulm.de,0
git.hedwing.dev,0
skarnet.org,0
jdtaus.svn.sourceforge.net,0
git.elephly.net,0
ftp.mozilla.org,0
download.enlightenment.org,0
gitweb.gentoo.org,0
svn.wald.intevation.org,0
git.aweirdimagination.net,0
erratique.ch,0
storage.googleapis.com,1
yhbt.net,0
gitlab.metager.de,0
gitflic.ru,0
gitub.u-bordeaux.fr,0
gitlab.inf.ethz.ch,0
artfiles.org,0
mygitlab.ir,0
git.tecosaur.net,0
git.infodrom.org,0
odf.bzr.sourceforge.net,0
hg.mozilla.org,0
test.kuali.org,0
svn.anotheria.net,0
git.cynerd.cz,0
releases.pagure.org,0
gitlab.glitchr.dev,0
daemon.git.devys.org,0
fsdfsd.net,0
aur.archlinux.org,0
git.abscue.de,0
janey@svn.java.net,0
git.agesic.gub.uy,0
git.armaanb.net,0
ftp.isc.org,0
hg.dsource.org,0
finestructure.net,0
git.gnupg.org,0
gitlab.wpdesk.dev,0
code.ill.fr,0
git.imirhil.fr,0
www.github.com,0
git.spork.org,0
git.frama-c.com,0
open.jira.com,0
gitlab.software.imdea.org,0
git.dittberner.info,0
git.erp5.org,0
git.fucktheforce.de,0
gitlab.in2p3.fr,0
pustefix.svn.sourceforge.net,0
gerrit.avm99963.com,0
git.codesynthesis.com,0
jff.email,0
dci-gitlab.cines.fr,0
dev.azure.com,0
gitea.lyrion.ch,0
open.logics.net.au,0
git.foldling.org,0
git.dthompson.us,0
crates.io,0
git.danieljon.es,0
git.s-ol.nu,0
blitiri.com.ar,0
downloads.xiph.org,0
git.anonymousmessenger.ly,0
git.datenwolf.net,0
dev.ch-poitiers.fr,0
git.busybox.net,0
git.harrault.fr,0
projects.qi-hardware.com,0
git.jff.email,0
git.nora.codes,0
git.openembedded.org,0
releases.llvm.org,0
git.ache.one,0
code.googlesource.com,0
git.goldelico.com,0
git.apiote.xyz,0
git.cuvoodoo.info,0
dpdk.org,0
git.carlh.net,0
appfuse.dev.java.net,0
gitlab.onelab.info,0
gitlab.die-netzmacher.de,0
ftp.de.debian.org,0
www.samba.org,0
glassfish-svn.dev.java.net,0
musicpd.org,0
web.archive.org,1
git.videolan.org,0
squirrel-sql.svn.sourceforge.net,0
lucis.svn.sourceforge.net,0
download.osgeo.org,0
osm.etsi.org,0
git.adyxax.org,0
git.icculus.org,0
g.csail.mit.edu,0
icedtea.classpath.org,0
gitlab.met.fu-berlin.de,0
code.mayfirst.org,0
www.haskell.org,0
git.stikonas.eu,0
git.sagemath.org,0
humungus.tedunangst.com,0
gitlab.univ-lr.fr,0
git.xenrox.net,0
alpha.gnu.org,0
git.minix3.org,0
git.casa,0
static.rust-lang.org,0
git.kj7rrv.com,0
kokkinizita.linuxaudio.org,0
sigrok.org,0
edugit.org,0
git.benkard.de,0
git.ffmpeg.org,0
git.corrupt.link,0
lolg.it,0
git.uitoux.in,0
code.peren.fr,0
code.cacert.org,0
download.drobilla.net,0
git.unicaen.fr,0
ftp.postgresql.org,0
dl.winehq.org,0
github.deere.com,0
git.meli-email.org,0
sources.debian.net,0
patch-diff.githubusercontent.com,0
svn.red-bean.com,0
lab.cluster.gsi.dit.upm.es,0
src.springframework.org,0
git.bpcspace.com,0
download.fcitx-im.org,0
git.8pit.net,0
gitlab.math.unistra.fr,0
www.unicode.org,1
git.unit193.net,0
dl.suckless.org,0
git.pdyn.net,0
hg.sr.ht,0
hg.jcea.es,0
api.pulumi.com,0
git.etc.gen.nz,0
git.leximpact.dev,0
gitlab.cerema.fr,0
git.asgardius.company,0
dynamicreports.svn.sourceforge.net,0
git.einval.com,0
opengit.mysre.cn,0
gitlab.cis.uni-muenchen.de,0
git.jami.net,0
download.gimp.org,0
git.cryptomilk.org,0
gitea.quitesimple.org,0
git.kpe.io,0
git.suyu.dev,0
qemu.googlesource.com,0
git.bnfr.net,0
git.enyo.de,0
gitlab.o3-shop.com,0
shoal.dev.java.net,0
git.kaliko.me,0
gitlab.echothree.com,0
springframework.svn.sourceforge.net,0
gitlab.steamos.cloud,0
git.coding.net,0
git.neil.brown.name,0
svn.cometd.org,0
git.efficios.com,0
code.thintz.com,0
git.entryrise.com,0
git.mactus.com.br,0
git.distrust.co,0
git.gir.st,0
git.subdivi.de,0
download.tuxfamily.org,0
git.kasiandras-dreams.de,0
dev-www.libreoffice.org,0
code.call-cc.org,0
invisible-mirror.net,0
git.sch.bme.hu,0
git.decadent.org.uk,0
git.elektrollart.org,0
gitcdr.univ-ubs.fr,0
download.videolan.org,0
git.savannah.nongnu.org,0
eobjects.org,0
gitlab.univ-eiffel.fr,0
usertype.svn.sourceforge.net,0
git.jamessan.com,0
gitlab.pids.engineering,0
code.tecosaur.net,0
spivey.oriel.ox.ac.uk,0
git.haproxy.org,0
gitlab.lms.tf.fau.de,0
forge.frm2.tum.de,0
megous.com,0
git.clsr.net,0
git.terceiro.xyz,0
freedesktop.org,0
svn.magnolia-cms.com,0
git.tronto.net,0
git.alexwennerberg.com,0
git.bobc.io,0
pecl.php.net,0
gitea.geologie.ac.at,0
git.mob-dev.fr,0
commondatastorage.googleapis.com,0
project.tecposter.cn,0
git.abfelbaum.dev,0
git.nicholasjohnson.ch,0
gitlab.uni.lu,0
git.average.name,0
www.dev.java.net,0
h2031995.stratoserver.net,0
nakedobjects.svn.sourceforge.net,0
gitlab.ifi.lmu.de,0
hg.prosody.im,0
selenic.com,0
git.mihon.dev,0
git.dpkg.org,0
www.libsdl.org,0
undef.tools,0
common-lisp.net,0
cgit.freedesktop.org,0
git.botox.bz,0
git.aurel32.net,0
anongit.freedesktop.org,0
gerrit.wikimedia.org,0
git.toradex.com,0
gem5.googlesource.com,0
git.ifornew.com,0
hg.openjdk.java.net,0
gitlabjf.ccomptes.fr,0
git.jrosset.ovh,0
pwmt.org,0
gitlab.matrix.org,0
source.puri.sm,0
gitea.math.uni-leipzig.de,0
git.akselmo.dev,0
svn.sourceforge.net,0
netfilter.org,0
git.opencarp.org,0
depot.lipn.univ-paris13.fr,0
wamblee.org,0
codeload.github.com,0
git.lepiller.eu,0
endless-turtles.com,0
git.lttng.org,0
bazaar.launchpad.net,0
w1.fi,0
hacktivis.me,0
git.ffnw.de,0
www.linphone.org,0
git.hypermetrica.com,0
www.brianlane.com,0
svn.dojotoolkit.org,0
git.rockbox.org,0
gitlab.wklive.net,0
git.argentina.gob.ar,0
pulkomandy.tk,0
nginx.org,0
gitlab.cwd.at,0
anonhg.netbsd.org,0
gitea.i15.nl,0
git.apache.org,0
www.webkitgtk.org,0
mirrors.kodi.tv,0
5.160.13.75:8044,0
git.theczech.io,0
basher.svn.sourceforge.net,0
developers.yubico.com,0
git.claws-mail.org,0
git.hazaar.io,0
svn.jdtaus.org,0
symmetricds.svn.sourceforge.net,0
ftp.alsa-project.org,0
archive.apache.org,0
oligarchy.co.uk,0
git.alsa-project.org,0
files.dthompson.us,0
git.lighttpd.net,0
git.b9.com,0
java.net,0
gitlab.tic-ac.org,0
marlam.de,0
git.customd.com,0
www.python.org,1
gitlab.fipps.de,0
gitlab.lakedrops.com,0
gitlab.libresilicon.com,0
git.ircad.fr,0
caml.inria.fr,0
jwebunit.svn.sourceforge.net,0
jeuclid.svn.sourceforge.net,0
www.opensmtpd.org,0
git.freenode.net,0
git.gnumonks.org,0
git.alarsyo.net,0
git.digitalstudium.com,0
git.deprecated.org,0
download.cdn.mozilla.net,0
git.gotroot.ca,0
edu-git.ac-versailles.fr,0
git.tuxfamily.org,0
ocaml.janestreet.com,0
svn.codespot.com,0
git.ademe.fr,0
git.neodarz.net,0
src.koda.cnrs.fr,0
simplericity.org,0
foal@bitbucket.org,0
linux-ip.net,0
git.dsource.org,0
mspgcc.bzr.sourceforge.net,0
guest:guest@www.os2museum.com,0
git.bde-insa-lyon.fr,0
download.samba.org,0
code.briarproject.org,0
www.cl.cam.ac.uk,0
coos.svn.sourceforge.net,0
archive.torproject.org,0
git.blakerain.com,0
http.debian.net,0
acpica.org,0
pari.math.u-bordeaux.fr,0
downloads.haskell.org,0
git.koha-community.org,0
hgm.nubati.net,0
people.redhat.com,0
osdn.dl.osdn.jp,0
svn.neo4j.org,0
git.adrian.geek.nz,0
git.fluxbox.org,0
git.beta.pole-emploi.fr,0
www.scintilla.org,0
gitcafe.com,0
cache.ruby-lang.org,0
git.chimrod.com,0
pele.farmbio.uu.se,0
avap.codes,0
git.singpolyma.net,0
gitlab.cylab.be,0
www.openssl.org,0
gnupg.org,0
www.gaia-gis.it,0
gitlab.sgalinski.de,0
git.ameliorated.info,0
dl.2f30.org,0
git.dev.epartment.nl,0
git.sc.uni-leipzig.de,0
people.freedesktop.org,0
wicket-stuff.svn.sourceforge.net,0
elife.stencila.io,0
xcb.freedesktop.org,0
gitlab.atreo.cz,0
gitlab.bighead.net,0
ftp-master.debian.org,0
dune-project.org,0
g.gitwu.cc,0
git.ralph.or.at,0
git.dblsaiko.net,0
git.openssl.org,0
tildegit.org,0
git.suckless.org,0
secure.nic.cz,0
git.codehaus.org,0
www.texmacs.org,0
git.hugovil.com,0
code.jquery.com,0
gitlab.science.mcgill.ca,0
git.freespeechextremist.com,0
ftp.netfilter.org,0
git.fripost.org,0
bunkrbit.com,0
dotnetcli.azureedge.net,0
git.ideasonboard.org,0
artifacts.elastic.co,0
ftp.infradead.org,0
gitea.deokonai.fr,0
download.documentfoundation.org,0
openutils.svn.sourceforge.net,0
git.openbox.org,0
www-fourier.ujf-grenoble.fr,0
git.feneas.org,0
java_re@svn.java.net,0
software.sil.org,0
git.esempla.systems,0
git.egiz.gv.at,0
www.spice-space.org,0
gitlab.caltech.edu,0
git.toastfreeware.priv.at,0
git.guilhem.org,0
www.lalescu.ro,0
bitbucket.tornevall.net,0
git.netfilter.org,0
mesa.freedesktop.org,0
git.dyninst.org,0
git.jakstys.lt,0
git.deb.at,0
git.hebidu.cn,0
secure.php.net,0
git.nuiton.org,0
github.paypal.com,0
git.sv.gnu.org,0
sunsite.icm.edu.pl,0
downloads.arduino.cc,0
dbus.freedesktop.org,0
git.lxde.org,0
gitea.irixce.org,0
lily.kazv.moe,0
www.bioconductor.org,0
software.intel.com,0
git.sesse.net,0
gitea.arknix.com,0
gitlab.pasteur.fr,0
anonymous@cvs.openacs.org,0
www.bitbucket.org,0
git.dotslashplay.it,0
support.hdfgroup.org,0
www.catb.org,0
gitea.va.reichard.io,0
nuiton.org,0
www.aquamaniac.de,0
gitlab.embarknow.net,0
git.garbaye.fr,0
gitlab.fing.edu.uy,0
git01.mediatek.com,0
git.mdcc.cx,0
wpewebkit.org,0
delwink.com,0
code.treora.com,0
www.oilshell.org,0
cdn.openttd.org,0
gnu.googlesource.com,0
svn.synyx.org,0
gcc.gnu.org,0
git.softwrestling.org,0
git.ricketyspace.net,0
hg.five-ten-sg.com,0
deb.debian.org,0
gitea.your-land.de,0
gitea.digitalcircle.com.br,0
git.ikilote.net,0
jxls.svn.sourceforge.net,0
git.geany.org,0
dist.torproject.org,0
i3wm.org,0
legato.svn.sourceforge.net,0
git.inai.de,0
plugins.svn.wordpress.org,0
openprinting.org,0
atom.io,0
svn.terracotta.org,0
gogs.librecmc.org,0
kernel.ubuntu.com,0
source.copyninja.in,0
hg.libsdl.org,0
ftp.denx.de,0
gitea.ttmath.org,0
huggingface.co,1
ftp.openbsd.org,0
git.dml-express.com,0
gitlab.dragonflyaerospace.com,0
svn.jomc.org,0
git.ageinghacker.net,0
nodejs.org,0
brick.kernel.dk,0
www.nlnetlabs.nl,0
tug.org,0
git.ee.ethz.ch,0
www.mercurial-scm.org,0
hafnium.googlesource.com,0
git.lix.systems,0
ffmpeg.org,0
git.obis-concept.de,0
repo.aduna-software.org,0
git.skeeks.com,0
opensource.kantega.no,0
gitlab.shinice.net,0
git.9front.org,0
www.netlib.org,0
code.tar-jx.bz,0
git.ethitter.com,0
te4.org,0
mediaarea.net,0
phabricator.magic3w.com,0
git.dawidpotocki.com,0
gitea.dashucun.com,0
cdn.datatables.net,0
svn.ralph-schuster.eu,0
svn.eu.apache.org,0
git.gavinhoward.com,0
dezyne.org,0
hg.java.net,0
googlers.googlesource.com,0
bigsearcher.com,0
buildbox.svn.sourceforge.net,0
jsp.dev.java.net,0
git.0x0.st,0
git.exim.org,0
telepathy.freedesktop.org,0
www.halle-development.com,0
gitlab.vcatechnology.com,0
dist.ipfs.io,0
acegisecurity.svn.sourceforge.net,0
notmuchmail.org,0
bitbucket.valentin-lacour.pro,0
git.catgirl.land,0
sezpoz.dev.java.net,0
ar57@svn.code.sf.net,0
git.0d.be,0
dotcolon.net,0
download.savannah.nongnu.org,0
uel.dev.java.net,0
svn.sourceforge.jp,0
s3.amazonaws.com,1
git.exozy.me,0
www.xpra.org,0
dev.yorhel.nl,0
aomedia.googlesource.com,0
projects.archlinux.org,0
www.sudo.ws,0
git.mirzaev.sexy,0
git.lu.lv,0
ftp.gnustep.org,0
lttng.org,0
jears.at,0
www.w3.org,37
download.qemu.org,0
files.pharo.org,0
gitlab.fresnel.fr,0
HeshamEldeeb@bitbucket.org,0
hg.ctpug.org.za,0
git.meiji.media,0
gitlab.taoti.com,0
git.onthegosystems.com,0
www.unbound.net,0
www.hepforge.org,0
www.open-mpi.org,0
cvs.sv.nongnu.org,0
git.bb1.fun,0
www.coin-or.org,1
review.coreboot.org,0
download.ceph.com,0
gitlab.jonathan-martz.de,0
git.aubio.org,0
source.stickycode.net,0
git.candlhat.org,0
jsptest.svn.sourceforge.net,0
dist.libuv.org,0
git.drupal.org,0
gforge.inria.fr,4
dl.matroska.org,0
gitlab.metromobilite.fr,0
git.kopf-tisch.de,0
files.ngyro.com,0
data.iana.org,0
0pointer.de,0
www.eclipse.org,0
kenai.com,0
git.des.dev,0
weechat.org,0
git.kerekit.hu,0
www.alsa-project.org,0
svn.edgewall.org,0
hg.orthanc-server.com,0
gnu-hylafax.svn.sourceforge.net,0
git.spooner.io,0
git.kyleam.com,0
git.systemreboot.net,0
redwax.eu,0
gitea.presley.nz,0
get.videolan.org,0
docs.python.org,0
gitea.nouspiro.space,0
gitea.communiquons.org,0
ftp.sun.ac.za,0
gitlab.mjus.gba.gob.ar,0
thekelleys.org.uk,0
gitea.caracals.org,0
gitlab.orbitntnu.com,0
webrtc.googlesource.com,0
smarden.org,0
codes.kemnaker.go.id,0
git.cbaines.net,0
git.nefarius.at,0
buildd.debian.org,0
git.distress.network,0
svn.mnode.org,0
www.renpy.org,0
dist.schmorp.de,0
tarballs.nixos.org,0
download.blender.org,0
downloads.open-mesh.org,0
ftp.invisible-island.net,0
git.stoutner.com,0
sweble.org,0
gitlab.stums.techfak.fau.de,0
sorcerer.dev.java.net,0
www.docbook.org,0
download.schedmd.com,0
tulpa.dev,0
git.simon.geek.nz,0
geolite.maxmind.com,0
sg.danny.cz,0
spritely.institute,0
danielnoethen.de,0
anonscm.debian.org,0
git.econda.de,0
mupdf.com,0
gitlab.seis.exa2pro.iti.gr,0
jamon.svn.sourceforge.net,0
ftp.ncbi.nlm.nih.gov,0
sources.archlinux.org,0
downloads.videolan.org,0
fallabs.com,0
svn.cometd.com,0
www.multiprecision.org,0
www.mirbsd.org,0
git.exotic.sh,0
git.osmocom.org,0
www.astromatic.net,0
www.gedanken.org.uk,0
www.wireshark.org,0
flatassembler.net,0
git.bioconductor.org,0
svn.cmeerw.net,0
git.3naly.xyz,0
treleis.org,0
mdisconzi@bitbucket.org,0
dev.gentoo.org,0
benoitf@svn.forge.objectweb.org,0
git.openstreetmap.org,0
gitea.apps.kunc.me,0
icculus.org,0
git.fdn.fr,0
www.zrythm.org,0
git.eng.unimelb.edu.au,0
download.filezilla-project.org,0
fossies.org,0
gitlab.mobilites-m.fr,0
strace.io,0
www.abisource.com,0
www.6809.org.uk,0
git.lysator.liu.se,0
inria.halpreprod.archives-ouvertes.fr,0
git.blazebone.com,0
git.lyx.org,0
erlang.org,0
www.dovecot.org,0
poppler.freedesktop.org,0
git.aims.ac.za,0
dl.xpdfreader.com,0
elpa.nongnu.org,0
gitea.vbgn.be,0
svn.fckeditor.net,0
files.libburnia-project.org,0
ftp.osuosl.org,0
www.home.marutan.net,0
ftp-sop.inria.fr,0
gitlab.dttech.app,0
download.oracle.com,0
www.kernel.org,0
hg.ifacesoft.ru,0
www.clamav.net,0
git.capellidipremoli.com,0
vicerveza.homeunix.net,0
www.ibiblio.org,0
lonelycactus.com,0
varnish-cache.org,0
floggy.svn.sourceforge.net,0
git.shibboleth.net,0
www.dropbox.com,0
stash.echobase.hu,0
github.jdnet.deere.com,0
www.semispace.org,0
www.cementframework.org,0
svn.blender.org,0
git.mfiano.net,0
dawn.googlesource.com,0
beezle.svn.sourceforge.net,0
svn.magnolia.info,0
ijjarvin.kapsi.fi,0
git.opensvc.com,0
git.lurk.org,0
git.dst.etit.tu-chemnitz.de,0
unifoundry.com,0
dri.freedesktop.org,0
www.netfilter.org,0
www.mainki.com,0
gitlab.procontext.ru,0
github.com.,0
letsencrypt.org,0
git.freaks.dev,0
binaries.openttd.org,0
git.crc.id.au,0
gitlab.uncompleted.org,0
git.tukaani.org,0
docbook.org,0
git.magestore.com,0
svnsis.ethz.ch,0
ai-republic.com,0
gitlab.wpify.io,0
files.freeciv.org,0
javate.svn.sourceforge.net,0
blind.guru,0
jibx.git.sourceforge.net,0
gitweb.factorcode.org,0
light-tree.org,0
linuxtv.org,0
svn.cargo.codehaus.org,0
code.e-7.club,0
www.cairographics.org,0
cobalt.googlesource.com,0
pkgs.fedoraproject.org,0
www.openfst.org,0
www.draisberghof.de,0
wayland.freedesktop.org,0
git.zrythm.org,0
gitweb.stoutner.com,0
git.linaro.org,0
sidaof.svn.sourceforge.net,0
git.dev.tencent.com,0
groups.csail.mit.edu,0
git.sven.stormbind.net,0
forge.ocamlcore.org,0
gitlab.iqianggou.com,0
sauthieg@svn.forge.objectweb.org,0
ingenias.svn.sourceforge.net,0
www.lua.org,0
www.happyassassin.net,0
distfiles.audacious-media-player.org,0
www.chiark.greenend.org.uk,0
git.openwrt.org,0
null@svn.forge.objectweb.org,0
curl.haxx.se,0
archive.org,1
git.isp-serverfarm.de,0
xmlsoft.org,0
80x24.org,0
mirror.racket-lang.org,0
flintlib.org,0
www.jedsoft.org,0
git.goldenscarab.fr,0
develop.openfoam.com,0
xkbcommon.org,0
easyrpg.org,0
howm.sourceforge.jp,0
ec.europa.eu,3
gitea.anclarma.fr,0
git.dhvlab.org,0
logdistiller.svn.sourceforge.net,0
git.rbenencia.name,0
git.gertjankrol.nl,0
sites.google.com,1
code.soundsoftware.ac.uk,0
festvox.org,0
archive.bologna.enea.it,0
pawsa.fedorapeople.org,0
dl.bintray.com,0
git.k1024.org,0
www.libimobiledevice.org,0
dbmaintain.svn.sourceforge.net,0
opencircuitdesign.com,0
git.notmuchmail.org,0
gitlab.bourgpalette.omen-data.io,0
svn.mastah.fr,0
reviews.llvm.org,0
ngra.de,0
code-repo.d4science.org,0
www.musicpd.org,0
vcs.firestormviewer.org,0
developer.arm.com,0
secure.phabricator.com,0
crosswire.org,0
josm.openstreetmap.de,0
www.libraw.org,0
gitlab.agoods.fr,0
www.riverbankcomputing.com,0
www.vanheusden.com,0
gist.githubusercontent.com,0
dl.google.com,0
tls.mbed.org,0
www.codesynthesis.com,0
stash.life-style.de,0
cells-source.cs.columbia.edu,0
git.fossgalaxy.com,0
gitea.verbaere.com,0
download.linuxsampler.org,0
releases.0x539.de,0
mirror.bazel.build,0
mainstream.inf.elte.hu,0
www.lttng.org,0
nixos.org,0
git.cedarsoft.com,0
download.bitcoinabc.org,0
ftp.unidata.ucar.edu,0
git.assembla.com,0
gitlab.uliege.be,0
www.tcpdump.org,0
download.electrum.org,0
GitHub.com,0
git.ligo.org,0
git.clan.lol,0
www.mcrl2.org,0
ikasaneip.svn.sourceforge.net,0
git.ssish.com,0
git.d3data.de,0
git.cijber.net,0
www.etallen.com,0
git.zap.org.au,0
git.teknik.io,0
www.jwz.org,0
download.librdf.org,0
git.openstack.org,0
eddylab.org,0
alakai.org,0
gitlab.informatik.uni-bremen.de,0
ftp.snt.utwente.nl,0
www.tarsnap.com,0
ftp.exim.org,0
download.strongswan.org,0
git.kernel.dk,0
git.afu.re,0
gitcode.net,0
www.nethack.org,0
bellard.org,0
gitlab.klienti.ru,0
download.handbrake.fr,0
svn.linuxfromscratch.org,0
unpkg.com,0
svn.python.org,0
git.metabarcoding.org,0
git.teecu.be,0
gitlab.tugraz.at,0
ftp.freecalypso.org,0
feh.finalrewind.org,0
gitnet.fr,0
thrysoee.dk,0
git.duskos.org,0
git.techchud.xyz,0
memcached.org,0
source.israfil.net,0
code.libcast.net,0
ftp.gnome.org,0
git.desenvolvimento.vvssistemas.com.br:8083,0
www.cle.org.pk,0
miniupnp.free.fr,0
cees-gitlab.stanford.edu,0
ccrma-ftp.stanford.edu,0
art1pirat.spdns.org,0
aislib.svn.sourceforge.net,0
sourceforge.jp,0
llvm.org,0
hpjansson.org,0
scoletti@bitbucket.org,0
mcabber.com,0
8cubes.com,0
jugit.fz-juelich.de,0
d3js.org,0
www.openwall.com,0
holonet.easylabs.ch,0
svn.mikrokopter.de,0
reqtracer.svn.sourceforge.net,0
inqlab.net,0
svn.leopard.io,0
gitlab.inha.fr,0
git.ngyro.com,0
svn.berkano.codehaus.org,0
patelier.xyz,0
hal-preprod.archives-ouvertes.fr,0
git.liw.fi,0
www.openvswitch.org,0
git.blender.org,0
klva.cz,0
git.ktnx.net,0
download.lighttpd.net,0
ftp.lyx.org,0
download.camlcity.org,0
git.flklr.ca,0
repo.crefopay.de,0
www.exiv2.org,0
www.emacswiki.org,0
download.clojure.org,0
git.platypush.tech,0
gitlab.univ-nantes.fr,0
gbois@svn.java.net,0
osgipatterns.svn.sourceforge.net,0
ftp.tuxpaint.org,0
downloads.mariadb.org,0
lilypond.org,0
cairographics.org,0
code.x2go.org,0
git.corpit.ru,0
cdn.zabbix.com,0
www.thregr.org,0
git.dwarfstd.org,0
c9x.me,0
file.hasait.de,0
git.hackware.cl,0
www.ratrabbit.nl,0
jaxb2-commons-svn.dev.java.net,0
sbxweb02.mm3.mlbam.com,0
www.ifarchive.org,0
git.sailfishos.org,0
crux.nu,0
ftp.rpm.org,0
gitlab.marquand.pro,0
forge.devinsy.fr,0
www.stunnel.org,0
gitlab.kinghip.com,0
git.octaforge.org,0
ftp.astron.com,0
pallini.di.uniroma1.it,0
git.optiweb.serv.si,0
openwms2005.svn.sourceforge.net,0
lug-owl.de,0
git.piraattipuolue.fi,0
ccid.apdu.fr,0
svn.savannah.gnu.org,0
review.haiku-os.org,0
git.eno.space,0
gitlab.ttree.ch,0
svn.picocontainer.codehaus.org,0
gitlab.dfm-europe.com,0
weblets.dev.java.net,0
ftp.atnf.csiro.au,0
www.ferzkopp.net,0
git.linphone.org,0
www.gitlab.com,0
gitlab.cs.ox.ac.uk,0
git.gone.io,0
svn.mattressframework.org,0
git.kookeg.com,0
www.maier-komor.de,0
download.aircrack-ng.org,0
chriswarbo.net,0
gitlab.idefa.ru,0
downloads.mariadb.com,0
gitlab.hzdr.de,0
git.tool.dwoodauto.com,0
parancoe.dev.java.net,0
git.linuxfromscratch.org,0
gcompris.net,0
www.andre-simon.de,0
gitlab.winehq.org,0
git.eaglercraft.rip,0
Maxxidom@bitbucket.org,0
dev.mysql.com,0
urof.net,0
seaf.svn.sourceforge.net,0
smi-protege.stanford.edu,0
public-inbox.org,0
git.2ki.xyz,0
heasarc.gsfc.nasa.gov,0
libzip.org,0
znc.in,0
services.gradle.org,0
gitea.claws.top,0
www.8cubes.com,0
git.sisudoc.org,0
downloads.yoctoproject.org,0
guest@svn.java.net,0
svn.filezilla-project.org,0
projects.duckcorp.org,0
gareus.org,0
git.uclibc-ng.org,0
www.floodgap.com,0
cyberelk.net,0
www.ttfotf.com,0
akkoma.dev,0
tinc-vpn.org,0
svn.mplayerhq.hu,0
git.lsat.vn,0
www.brain-dump.org,0
calcurse.org,0
isl.gforge.inria.fr,0
kernel.org,0
www.vi-hps.org,0
gitlab.cirad.fr,0
msp.ucsd.edu,0
git.fysh.org,0
kohei.us,0
gitlab.owash.cn,0
www.scala-lang.org,0
lore.kernel.org,0
links.twibright.com,0
tango.freedesktop.org,0
cl.tvl.fyi,0
downloads.asterisk.org,0
git.caffeina.co,0
repo.poltmann.com,0
scm.adullact.net,0
www.haproxy.org,0
git.timmit.nl,0
hg.logilab.org,0
git.parabola.nu,0
earth.bsc.es,0
svn.wildfiregames.com,0
download.mono-project.com,0
www.openafs.org,0
libopenraw.freedesktop.org,0
www.kraxel.org,0
jibx.svn.sourceforge.net,0
swen20003.eng.unimelb.edu.au,0
everysens-bot2:b9%40H*nWh3ecEfJ*Xup@gitlab.com,0
libsdl.org,0
itcb.svn.sourceforge.net,0
sqlite.org,0
git.maximum.nl,0
perso.b2b2c.ca,0
web.mit.edu,0
linux.thai.net,0
bird.network.cz,0
frama-c.com,0
git.geda-project.org,0
waterlan.home.xs4all.nl,0
quiche.googlesource.com,0
www.leonerd.org.uk,0
gitlab.ilmiont.net,0
matrixjavalib.svn.sourceforge.net,0
legacy.helldragon.eu,0
git.geeqie.org,0
svn.reactos.org,0
alioth.debian.org,0
download.flashrom.org,0
www.php.net,0
www.boost.org,0
git.tibidono.com,0
git.coolaj86.com,0
vcs.wpstudio.ru,0
source.winehq.org,0
gitlab.8hours.vn,0
www.thekelleys.org.uk,0
embed.cs.utah.edu,0
archive.ubuntu.com,0
forge.kamartaj.xyz,0
pyropus.ca,0
bugs.debian.org,0
git.swurl.xyz,0
gitlab.pyicu.org,0
eradman.com,0
gitea.michalczyk.pro,0
www.cs.unm.edu,0
svn.r-project.org,0
tukaani.org,0
code.alephobjects.com,0
openbox.org,0
www.fourmilab.ch,0
balloontip.dev.java.net,0
gmic.eu,0
svn.berlios.de,0
svn.zoy.org,0
git.open-music-kontrollers.ch,0
gitlab.tcom.vn,0
das.nasophon.de,0
www.lcdf.org,0
pike-git.lysator.liu.se,0
git.lwn.net,0
pdfium.googlesource.com,0
herbstluftwm.org,0
geda-genericdto.svn.sourceforge.net,0
oss.oetiker.ch,0
git.ardour.org,0
lab.enough.community,0
gitlab.appcube.sk,0
www.remlab.net,0
git.9space.io,0
gittup.org,0
git.nihav.org,0
abcl.org,0
rtorrent.net,0
belkadan.com,0
gitx.cn,0
code.obermui.de,0
cr.yp.to,0
lib.haxe.org,0
gitlab.ethz.ch,0
virt-manager.org,0
the.earth.li,0
dotat.at,0
gitlab.syncfusion.com,0
www.lesbonscomptes.com,0
git.var-lab.com,0
miniupnp.tuxfamily.org,0
pax.zz.de,0
curl.se,0
forge.imag.fr,0
gitlab.mondayfactory.cz,0
git.brodokk.space,0
git.42l.fr,0
git.altlinux.org,0
ftp.videolan.org,0
git.datacontroller.io,0
synthcode.com,0
brandon.invergo.net,0
www.gust.org.pl,0
git.lcomrade.su,0
www.quut.com,0
git.a-lec.org,0
download.jetbrains.com,0
kohsuke@svn.dev.java.net,0
www.dicollecte.org,0
git.kitenet.net,0
www.zsh.org,0
www.hedgewars.org,0
www.kismetwireless.net,0
cvs.savannah.nongnu.org,0
git.pixelplanet.fun,0
gitlab.xologie.ru,0
gitlab.pavlovia.org,0
gn.googlesource.com,0
lhapdfsets.web.cern.ch,0
git.g3la.de,0
ccxjc.svn.sourceforge.net,0
git.diapason.digital,0
dbmx.net,0
gitlab.sapient.pro,0
www.nasm.us,0
www.inchi-trust.org,0
invisible-island.net,0
rudel.bzr.sourceforge.net,0
pcsclite.apdu.fr,0
git.linwood.dev,0
git.freibier.cc,0
git.umaneti.net,0
files.dyne.org,0
git.small-project.dev,0
www.apache.org,0
arthurdejong.org,0
juigitlab.esac.esa.int,0
gmplib.org,0
git.binarika.com,0
repositorio-asi.buenosaires.gob.ar,0
releases.wildfiregames.com,0
symqle.org,0
svn.abisource.com,0
nmap.org,0
www.linbit.com,0
gitup.uni-potsdam.de,0
bzr.ed.am,0
download3.ebz.epson.net,0
www.imcce.fr,0
git.carbon-project.org,0
phabricator.nichework.com,0
gitlab.dalnix.se,0
ygrek.org,0
pan.rebelbase.com,0
mednafen.github.io,0
captison@bitbucket.org,0
repos.borg.ch,0
libarchive.org,0
gitlab.lrde.epita.fr,0
www.openfabrics.org,0
ftp.csx.cam.ac.uk,0
gitlab.cultura.gob.ar,0
git.tiwe.de,0
download.calibre-ebook.com,0
gitea.petton.fr,0
git.amazingcat.net,0
gitlab.limos.fr,0
caca.zoy.org,0
wslade@git.cloudbees.com,0
ccb.jhu.edu,0
mirrors.kernel.org,0
devel2.cuci.nl,0
gitlab.bounce-experts.com,0
leberre@svn.forge.objectweb.org,0
forge.soutade.fr,0
git.pmx.cn:543,0
code.mpimet.mpg.de,0
guichaz.free.fr,0
svn.squeakysand.com,0
repo.manaplus.org,0
www.shorewall.net,0
git.figboot.dev,0
gitlab.foundry81.com,0
git.adammathes.com,0
freepats.zenvoid.org,0
git.man.poznan.pl,0
svn.pouchintv.fr,0
jguard.svn.sourceforge.net,0
ftp.musicbrainz.org,0
git.FreeBSD.org,0
wicketopia.svn.sourceforge.net,0
melange.googlesource.com,0
code.librehq.com,0
www.cmake.org,0
gitlab.aei.uni-hannover.de,0
ts-gitlab.iup.uni-heidelberg.de,0
lab.forgefriends.org,0
company.paratype.com,0
git.carcosa.net,0
dl.nwjs.io,0
archive.eclipse.org,0
cue.googlesource.com,0
gin.g-node.org,0
crsten@bitbucket.org,0
www.moria.de,0
git.bananach.space,0
xj4.svn.sourceforge.net,0
git-crysp.uwaterloo.ca,0
files.itstool.org,0
derquinsej.svn.sourceforge.net,0
get.bitlbee.org,0
prosody.im,0
git.flash.moe,0
trac.wildfiregames.com,0
gitlab.rlp.net,0
bimsbstatic.mdc-berlin.de,0
cdn.mysql.com,0
www.hoopajoo.net,0
git.gnu.ca,0
travistcummings@bitbucket.org,0
ftp.debian.org,0
git.ortolo.eu,0
download.openvz.org,0
www.nongnu.org,0
pagesperso-orange.fr,0
billposer.org,0
sleepmap.de,0
git.comnets.net,0
formulahendry.gallery.vsassets.io,0
download.gna.org,0
linuxcontainers.org,0
wimlib.net,0
git.shopes.cn,0
git.openldap.org,0
git.tu-berlin.de,0
nim-lang.org,0
g.1qr.org,0
garayaldegustavo@bitbucket.org,0
git.marvid.fr,0
git.kujiang.net,0
plocate.sesse.net,0
git.adbjesus.com,0
anonymous@svn.cryptool.org,0
anon:anon@wwwsecu.irit.fr,0
www.mavetju.org,0
github.molgen.mpg.de,0
apps.fz-juelich.de,0
mirror.switch.ch,0
www.codesrc.com,0
qmmp.ylsoftware.com,0
archive.mozilla.org,0
boringssl.googlesource.com,0
download.nextcloud.com,0
git.sigafi.com.br,0
www.keepalived.org,0
git.tifon.cl,0
gottcode.org,0
jakut.is,0
toscode.gitee.com,0
ftp.geda-project.org,0
labs.consol.de,0
cgm.cs.mcgill.ca,0
moarvm.org,0
bogdan809@bitbucket.org,0
mdocml.bsd.lv,0
fedorahosted.org,0
git.epicsol.org,0
develop.git.wordpress.org,0
www.bennewitz.com,0
stash.deakin.edu.au,0
01.org,0
download.sarine.nl,0
git.synz.io,0
xenbits.xen.org,0
gitlab.nsl.tuis.ac.jp,0
port70.net,0
crd-legacy.lbl.gov,0
gitlab.castris.com,0
gitlab.kusmierz.be,0
prosecco.gforge.inria.fr,0
www.vide.memoire.free.fr,0
parallelj.svn.sourceforge.net,0
sources.duckcorp.org,0
dev.funkwhale.audio,0
git.kiwifarms.net,0
git.citadel.org,0
downloads.powerdns.com,0
www.mplayerhq.hu,0
coding.net,0
homebank.free.fr,0
users.telenet.be,0
gitlab.msu.edu,0
downloads.python.org,0
git.palax.dev,0
openal-soft.org,0
git.emacsconf.org,0
www.ijg.org,0
svn.nicholaswilliams.net,0
texthtml.net,0
code.mro.name,0
www.antlr3.org,0
www.openprinting.org,0
www.musl-libc.org,0
git.maneage.org,0
dl.jami.net,0
git.pofilo.fr,0
www.tntnet.org,0
git.s2.rpn.ch,0
stable.melpa.org,0
git.mysoft.com.cn,0
roy.marples.name,0
www.claws-mail.org,0
git.zoomyboy.de,0
gentoo.com,0
www.padl.com,0
www.atoptool.nl,0
libregit.org,0
svn.jdownloader.org,0
lists.gnu.org,0
github.int.yammer.com,0
git.brandoriented.pl,0
git.local-server.link,0
tecnocode.co.uk,0
git.zero1.co.uk,0
math.nist.gov,0
linux-speakup.org,0
gerrit.ovirt.org,0
download.redis.io,0
forge.ird.fr,0
www.oberhumer.com,0
mark_eads@bitbucket.org,0
svn-public.driver.research-infrastructures.eu,0
git.gnu.io,0
www.libssh2.org,0
spice-space.org,0
lv2plug.in,0
git.hcics.simtech.uni-stuttgart.de,0
git.moodle.org,0
git.slackbuilds.org,0
melpa.org,0
ftp.bitwizard.nl,0
downloads.skewed.de,0
www.colm.net,0
downloads.xvid.com,0
zlib.net,0
git.freebsd.org,0
git.homd.xyz,0
git.cweiske.de,0
gitlab.petit-souris.de,0
www.creytiv.com,0
activeobjects.dev.java.net,0
download.holdingnuts.net,0
git.texlive.info,0
www.mathematik.uni-kl.de,0
landley.net,0
dev.quiqqer.com,0
kldp.net,0
git.frezzen.de,0
download-mirror.savannah.gnu.org,0
git.in.moodle.com,0
www.doxygen.nl,0
hg.nginx.org,0
www.codon.org.uk,0
git.rampin.org,0
fmv.jku.at,0
www.scummvm.org,0
git.dev2zero.com,0
git.shifft.com,0
git.onerussian.com,0
www-sop.inria.fr,0
swupdate.openvpn.org,0
gitlab.bombeiros.pa.gov.br,0
c-ares.haxx.se,0
gitlab.otakoyi.com,0
forge.lecoqlibre.fr,0
gitlab.kuleuven.be,0
svn.parabola.me.uk,0
git.zierhut-it.de,0
gitlabsbnb.irbbarcelona.org,0
unitils.svn.sourceforge.net,0
git.gnome.org,0
ftp.i-scream.org,0
www.vtk.org,0
gitlab.psi.ch,0
gitlab.vse.cz,0
gitlab.devlabs.linuxassist.net,0
dicom.offis.de,0
www.ivarch.com,0
www.marksimonson.com,0
ftp.mcs.anl.gov,0
git.loetlabor-jena.de,0
shh.thathost.com,0
srv.nazrol.tech,0
www.oasis-open.org,0
git.uphoria.org:10080,0
dev.gnupg.org,0
www.ddcutil.com,0
vanyo4ek@bitbucket.org,0
people.debian.org,0
LesleyDuyndam@bitbucket.org,0
sfac.svn.sourceforge.net,0
git.startinblox.com,0
christian.amsuess.com,0
idiomdrottning.org,0
icedtea.wildebeest.org,0
git.cgo-it.de,0
github.com.cnpmjs.org,0
domdrides.svn.sourceforge.net,0
www.dest-unreach.org,0
archive.mesa3d.org,0
mirrors.ctan.org,0
r8.googlesource.com,0
cmake.org,0
gitlab.mis.mpg.de,0
dfu-util.sourceforge.net,0
git.gna.ch,0
www.seasip.info,0
libbsd.freedesktop.org,0
gitlab.tudelft.nl,0
www.iana.org,0
www.squid-cache.org,0
git.trustedfirmware.org,0
bitmath.org,0
git.drumgizmo.org,0
svn.cesecore.eu,0
gitlab.mpi-magdeburg.mpg.de,0
www.bastoul.net,0
profanity-im.github.io,0
oss.sonatype.org,0
www.cs.hmc.edu,0
extensions.libreoffice.org,0
gitlab.klambt.services,0
gitea.cavar.net,0
thoughtbot.github.io,0
code.jity.de,0
www.cgsecurity.org,0
git.dittmaenner.de,0
www.net-dns.org,0
xpra.org,0
fukuchi.org,0
gitlab.alibaba-inc.com,0
ftp.gajim.org,0
victoroliveirasapiense@bitbucket.org,0
www.aelius.com,0
www.kokkonen.net,0
gtsvn.uit.no,0
git-love.e-magineurs.com,0
git.bsse.ethz.ch,0
gitlab.fit.cvut.cz,0
evolution.gs.washington.edu,0
git.team24.biz,0
gitlab.pks.mpg.de,0
www.portaudio.com,0
atomikos.repositoryhosting.com,0
pumpa.branchable.com,0
gitlab.orekit.org,0
git.skewed.de,0
micans.org,0
downloads.scummvm.org,0
www.davidsharp.com,0
gaffer.boum.org,0
git.xbwq.com.cn,0
bindfs.org,0
waf.io,0
git.ondrovo.com,0
hal-test.archives-ouvertes.fr,0
www.codesink.org,0
sml.zincube.net,0
forge.uis.no,0
objectlabkit.svn.sourceforge.net,0
git.mike-ochmann.de,0
www.drive5.com,0
gtkd.org,0
svn.thedarkmod.com,0
gitlab.insa-rennes.fr,0
gitlab.zapb.de,0
gitlab.acseo.co,0
gitlab.cosma.dur.ac.uk,0
tar.goaccess.io,0
routino.org,0
ronja.twibright.com,0
sido.hg.sourceforge.net:8000,0
git.drobilla.net,0
git.yg-project.fr,0
git.skoll.ca,0
hg.reportlab.com,0
code.gab.com,0
radare.mikelloc.com,0
viric.name,0
tv-viewer.bzr.sourceforge.net,0
git.ceph.com,0
gitlab.insssep.gob.ar,0
hg.octave.org,0
swupdate.openvpn.net,0
dl.xonotic.org,0
ftp.mutt.org,0
forge.fusesource.com,0
www.mkgmap.org.uk,0
lab.civicrm.org,0
git.huaperfect.com,0
shimir@bitbucket.org,0
ozlabs.org,0
gitlab.kant.ru,0
svn.xiph.org,0
lftp.tech,0
qgis.org,0
anonsvn.icesoft.org,0
downloads.apache.org,0
s48.org,0
www.harding.motd.ca,0
svn.rexsl.com,0
github.staclar.biz,0
git.codificar.com.br,0
gitpull.it,0
youtube-dl.org,0
mumps.enseeiht.fr,0
www.lzop.org,0
gkrellm.srcbox.net,0
www.pogo.org.uk,0
hyperrealm.github.io,0
Kozalo@bitbucket.org,0
datatables.net,0
rawtherapee.com,0
ftp.math.utah.edu,0
calf-studio-gear.org,0
222.186.175.132:8099,0
git.lambda.cx,0
shoup.net,0
gitlab.ruhr-uni-bochum.de,0
211.169.234.134,0
adishatz.org,0
benbotto@bitbucket.org,0
gitlab.cs.uni-duesseldorf.de,0
download.bzflag.org,0
gitlab.frmwrk.nl,0
git.fgit.de,0
hitch-tls.org,0
faculty.cse.tamu.edu,0
ratrabbit.nl,0
gitlab.science.ru.nl,0
media.luffy.cx,0
hg.netbeans.org,0
myprojects.sourcerepo.com,0
mkvtoolnix.download,0
git.raptorengineering.com,0
gondor.apana.org.au,0
subversion.jfrog.org,0
cabextract.org.uk,0
git.xapian.org,0
atlassian@bitbucket.org,0
www.tablix.org,0
www.xbill.org,0
code.rocketnine.space,0
dev.gajim.org,0
packages.groonga.org,0
www.hiawatha-webserver.org,0
miscillo@bitbucket.org,0
resteasy.svn.sourceforge.net,0
ircii.warped.com,0
git.eivind.tel,0
toronacii@bitbucket.org,0
Cephyric@bitbucket.org,0
www.ginac.de,0
anonsvn.internet2.edu,0
phablab.krautspace.de,0
122.152.229.221:8606,0
phpmysqlfs.bzr.sourceforge.net,0
gitlab.eecs.umich.edu,0
mrija.tirus.eu,0
vance.fish,0
www.rle.mit.edu,0
code.osinet.fr,0
git.joopschilder.nl,0
gitlab.elephpant.rocks,0
ftp.unixodbc.org,0
yapet.guengel.ch,0
t-sato.in.coocan.jp,0
pigeonhole.dovecot.org,0
df.zweistein.cz,0
matt.ucc.asn.au,0
ftp.midnight-commander.org,0
github.gallery.vsassets.io,0
download.jitsi.org,0
tacos.svn.sourceforge.net,0
anoncvs.netbsd.org,0
VSpaceCode.gallery.vsassets.io,0
vanheusden.com,0
genome-source.gi.ucsc.edu,0
download.pureftpd.org,0
git.schubwerk.com,0
svn.wp-plugins.org,0
www.autistici.org,0
xff.cz,0
gitlab.iqdev.digital,0
git.theobroma-systems.com,0
confluence.ecmwf.int,0
svn.mkgmap.org.uk,0
git.vv-tool.com,0
mikha-web-utils.svn.sourceforge.net,0
dacvs.neocities.org,0
git.peditor.net,0
nosignal.fi,0
devel.ringlet.net,0
camaya.net,0
tanzer.io,0
qosient.com,0
core.svn.wordpress.org,0
ftp.freedesktop.org,0
zenodo.org,4
hg.openjdk.org,0
git.lug.ustc.edu.cn,0
snort.org,0
gitlab.pep.foundation,0
www.angelcode.com,0
ftp.pcre.org,0
michael-developer@bitbucket.org,0
fc-solve.shlomifish.org,0
webassembletool.svn.sourceforge.net,0
abcde.einval.com,0
ccwl.systemreboot.net,0
${java.net.username}@glassfish-svn.dev.java.net,0
download.libguestfs.org,0
management.dustybone.com,0
www.tortall.net,0
www.libssh.org,0
git.anezi.net,0
gitlab.betrnk.games,0
download.augeas.net,0
ftp.gromacs.org,0
scm.fusionforge.org,0
files.js8call.com,0
ipset.netfilter.org,0
git.codecouncil.de,0
git.scc.kit.edu,0
gitlab.ksproject.org,0
gitlab.mpcdf.mpg.de,0
www.nftables.org,0
gitlab.sai.jku.at,0
download.open-mpi.org,0
www.fefe.de,0
hevea.inria.fr,0
orgmode.org,0
rakudo.perl6.org,0
www.seabios.org,0
jolava@bitbucket.org,0
www.nncpgo.org,0
code.castopod.org,0
gitlab.burdadigital.cz,0
slepc.upv.es,0
cdn.jsdelivr.net,0
soutade.fr,0
git.cppget.org,0
www.aleksey.com,0
git.zihao.gs,0
enet.bespin.org,0
git.solero.me,0
www.phidgets.com,0
gitlab.opiatenumedia.net,0
code.ledouya.com,0
git.easter-eggs.org,0
dinu09@bitbucket.org,0
gitea.zionetrix.net,0
sunsite.unc.edu,0
gitlab.cs.duke.edu,0
hg.savannah.gnu.org,0
ota-tools.svn.sourceforge.net,0
pauillac.inria.fr,0
git.hackers.town,0
js-codemodel.svn.sourceforge.net,0
scm.wald.intevation.org,0
bitbucket.tharra.com:8443,0
voidpoint.io,0
pyyaml.org,0
www.dynare.org,0
files.salome-platform.org,0
forge.a-lec.org,0
www.music.mcgill.ca,0
svn.svardos.org,0
gitlab.uzh.ch,0
cmocka.org,0
gitlab.seismo.ethz.ch,0
dl.farsightsecurity.com,0
www.mushware.com,0
coherentlogic.atlassian.net,0
wpitchoune.net,0
tuxera.com,0
jihulab.com,0
gitlab.totallydev.com,0
otr.cypherpunks.ca,0
accounts-sso.gitlab.io,0
rsync.samba.org,0
www.bamsoftware.com,0
rt.cpan.org,0
www.chocolate-doom.org,0
gitlab.vci.rwth-aachen.de:9000,0
hina123@bitbucket.org,0
shinh.skr.jp,0
www.fsfla.org,0
git.adriansopar.hu,0
trac.nbic.nl,0
root.cern.ch,0
ccgit.cyberchisel.com,0
www.bioinf.uni-leipzig.de,0
git.mp.gba.gob.ar,0
git.mbosch.me,0
git.mage.zone,0
home.hccnet.nl,0
bitbucket.aicial.io,0
svn.xvid.org,0
gitlab.neoteric.eu,0
git.ralfj.de,0
apache.proserve.nl,0
thelambdalab.xyz,0
cgdb.me,0
25thandclement.com,0
42.193.96.246,0
cm-gitlab.stanford.edu,0
abagames.sakura.ne.jp,0
deponie.yamagi.org,0
git.typo3.org,0
git.agapesolucoes.com.br,0
gitlab.eudat.eu,0
www.cabextract.org.uk,0
launchpadlibrarian.net,0
git.strongswan.org,0
mlmmj.org,0
ehcache.svn.sourceforge.net,0
gmsh.info,0
gitlab.insa-rouen.fr,0
moji.or.jp,0
g.iterate.ch,0
gitlab.bermuda-software.ch,0
housemeow@bitbucket.org,0
gitpub.recherche.enac.fr,0
hepmc.web.cern.ch,0
git.noone.org,0
dmitri.shuralyov.com,0
testbit.eu,0
www.mpich.org,0
abacus.gene.ucl.ac.uk,0
pw999@svn.code.sf.net,0
git.wolxxx.de,0
gitlab.paca.inrae.fr,0
ccrma.stanford.edu,0
dlib.net,0
gitlab.ourgold.ru,0
brap.subversion.no,0
sr.ht,0
download.r-forge.r-project.org,0
fast.dpdk.org,0
www.j3e.de,0
git.saaspower.net,0
git.marx.cafe,0
informationelle-selbstbestimmung-im-internet.de,0
repo.lolsnap.org,0
tla.msr-inria.inria.fr,0
www.zlib.net,0
git.mindgrub.net,0
megatools.megous.com,0
ftp.tu-chemnitz.de,0
gitlab.phpjax.net,0
gitea.ndda.fr,0
git.mosad.xyz,0
trac-hacks.org,0
download.silicondust.com,0
neem.bzr.sourceforge.net,0
wiki.qemu.org,0
www.five-ten-sg.com,0
svn.reddwarfserver.org,0
ck.kolivas.org,0
projects.vdr-developer.org,0
cl2-informatik.uibk.ac.at,0
git.simple-cc.org,0
www.muppetlabs.com,0
gogs.8raw.com,0
git-cenario.jelastic.saveincloud.net:4848,0
git.pwmt.org,0
forge.touhey.org,0
alioth-archive.debian.org,0
0x2a.at,0
www.litech.org,0
prdownloads.sourceforge.net,0
git.nordgedanken.dev,0
git.annexia.org,0
golem.ph.utexas.edu,0
sillycycle.com,0
git.markusvolkmer.de,0
git.tuebingen.mpg.de,0
paredit.org,0
breakfastquay.com,0
josealeu@bitbucket.org,0
www.and.org,0
gitlab.ghzhushou.com,0
svn.so-much-stuff.com,0
elementmedia@bitbucket.org,0
geuz.org,0
git.jazzy.pro,0
appspy.svn.sourceforge.net,0
www.lri.fr,0
www.pjrc.com,0
code.communitybuildar.com,0
qi-tools.bzr.sourceforge.net,0
git.library.upei.ca,0
git.devcake.app,0
forge.net4sat.org,0
dl.hexchat.net,0
media.inkscape.org,0
gitlab.myanime.eu,0
emboss.open-bio.org,0
hg.256bit.org,0
bisqwit.iki.fi,0
archives.eyrie.org,0
git.libssh.org,0
git.scrubhole.org,0
gitlab.pno.dev,0
git.skyjake.fi,0
git.vuxu.org,0
simplici7y.com,0
antfu.gallery.vsassets.io,0
git.uclibc.org,0
git.greenscale.it,0
git.uitm.edu.my,0
svn.ovea.com,0
lochid@bitbucket.org,0
sunshinegardens.org,0
code.liw.fi,0
kristaps.bsd.lv,0
git.fosscommunity.in,0
git.xaifiet.com,0
ctkarch.org,0
ftp.aegisub.org,0
apps.ankiweb.net,0
iteam.contemporaryva.com,0
gitlab.kfosoftware.net,0
codesynthesis.com,0
taylorhakes@github.com,0
dwheeler.com,0
www.freetds.org,0
gmonsters.bzr.sourceforge.net,0
appfuse-light.dev.java.net,0
svn.kenai.com,0
git.itbc.pro,0
www.dnspython.org,0
version.helsinki.fi,0
gitlab.zendovo.eu,0
libguestfs.org,0
git.freesoftwareextremist.com,0
jdelvare.nerim.net,0
gitlab.k-net.fr,0
myrepos.branchable.com,0
git.sepantatech.com,0
download.kiwix.org,0
gitea.lntu.edu.cn,0
T-Soloveychik@bitbucket.org,0
level7.org.uk,0
phoronix-test-suite.com,0
birdfont.org,0
code.bgemi.net,0
git.cgsecurity.org,0
ebreadboard.bzr.sourceforge.net,0
www.umaxx.net,0
ftp.barfooze.de,0
git.tetalab.org,0
mosh.org,0
projects.unbit.it,0
gitlab.lam.fr,0
hashcat.net,0
ygrek.org.ua,0
www.qhull.org,0
www.pps.univ-paris-diderot.fr,0
dianne.skoll.ca,0
www.intra2net.com,0
pikchr.org,0
www.dettus.net,0
nickle.org,0
ftp.irc.org,0
itmaniax@bitbucket.org,0
muddlers.org,0
git.yoomoney.ru,0
svn.webtide.com,0
git.housearatus.net,0
gitlab.cs.nuim.ie,0
projekt.saces.de,0
git.codingallnight.com,0
git.wow.st,0
satellite.isti.cnr.it,0
nuetzlich.net,0
repo.runelite.net,0
git.nursit.net,0
gitrenewal.com,0
www.sndio.org,0
distfiles.dereferenced.org,0
git.ist.ac.at,0
root.cern,0
dvdnav.mplayerhq.hu,0
gitlab2.informatik.uni-wuerzburg.de,0
svn.mageia.org,0
www.csie.ntu.edu.tw,0
jpetrie.net,0
duktape.org,0
jdownloader.bzr.sourceforge.net,0
www.fossil-scm.org,0
albertil@svn.forge.objectweb.org,0
brltty.app,0
niklashultstrom@bitbucket.org,0
svn.cacert.org,0
mattmahoney.net,0
git.meli.delivery,0
www.mathe2.uni-bayreuth.de,0
mujs.com,0
acme.com,0
felipegaucho@footprint.dev.java.net,0
point-at-infinity.org,0
git.odiwi.fr,0
www.hdfgroup.org,0
www.eecis.udel.edu,0
gvipers.imt-lille-douai.fr,0
git.cloud.ik.bme.hu,0
bar.ebi.ac.uk,0
lab.louiz.org,0
patchii.net,0
git.immerda.ch,0
bitbucket.com,0
source.wiredtiger.com,0
git.daplie.com,0
anongit.mindrot.org,0
ftp.icarus.com,0
simpleservlets.hg.sourceforge.net:8000,0
git.tannercollin.com,0
git.iotech.co.th,0
gitlab.afbiodiversite.fr,0
plugins.trac.wordpress.org,0
www.sollya.org,0
git.uwaterloo.ca,0
git.innokassa.ru,0
git.cdeluruguay.gob.ar,0
liba52.sourceforge.net,0
www.iro.umontreal.ca,0
gitbio.ens-lyon.fr,0
120.78.176.103:8099,0
microemulator.svn.sourceforge.net,0
code.fossencdi.org,0
celine.demouge@git.recherche.enac.fr,0
git.zsinfo.nl,0
spiegl.de,0
git.urban.brussels,0
gogs.mikescher.com,0
liris.cnrs.fr,0
git.mtmaxtech.com,0
www.rouaix.org,0
svn.labri.fr,0
www.muchsync.org,0
ranger.github.io,0
www.flyn.org,0
imperialat.at,0
maradns.samiam.org,0
taskwarrior.org,0
releases.hashicorp.com,0
ytrizja.de,0
unicode.org,1
svn.cmsmadesimple.org,0
laurikari.net,0
elephpant.ninja,0
download.owncloud.com,0
git.4viewture.eu,0
gitlab.invilite.com,0
botan.randombit.net,0
www.neuron.yale.edu,0
swiftshader.googlesource.com,0
git.fkurz.net,0
dl.mercurylang.org,0
14557.runjs.cn,0
nl.archive.ubuntu.com,0
mama.indstate.edu,0
veracrypt.fr,0
git.zytor.com,0
gitlab.cristal.univ-lille.fr,0
crawl.develz.org,0
gitlab-ce.gwdg.de,0
digint.ch,0
git.devnow.ir,0
www.littlesvr.ca,0
bugzilla.redhat.com,0
svn2.pouchintv.fr,0
git.higidi.com,0
ibiblio.org,0
gitlab.green-dev.de,0
mazsola.iit.uni-miskolc.hu,0
gitlab.gbar.dtu.dk,0
CoenraadS.gallery.vsassets.io,0
git.fedorahosted.org,0
bug787443.bugzilla-attachments.gnome.org,0
msv.dev.java.net,0
monkey.org,0
grass.osgeo.org,0
rdfind.pauldreik.se,0
data.musicbrainz.org,0
pojomatic.svn.sourceforge.net,0
search.maven.org,0
repo.mercurial-scm.org,0
bugs.gentoo.org,0
review.jami.net,0
git.loken.nl,0
svn.debux.org,0
dev.iopsys.eu,0
gitlab.typo3-webagentur.com,0
www-com.physik.hu-berlin.de,0
git.quademu.com,0
download.go.cd,0
gitlab.irap.omp.eu,0
newsboat.org,0
archive.hadrons.org,0
constexpr.org,0
git.rip,0
caoua.org,0
git.sigxcpu.org,0
download.geany.org,0
musa_akkaya@bitbucket.org,0
git.embl.de,0
git.maths.ox.ac.uk,0
matthewwild.co.uk,0
www.ladspa.org,0
git.stefanwimmer128.eu,0
mirror.fsf.org,0
wingolog.org,0
www.atnf.csiro.au,0
gitlab.nektar.info,0
hikari.acmelabs.space,0
essentialsource.svn.sourceforge.net,0
bugs.ntp.org,0
thingshare.ion.nu,0
files3.bungie.org,0
gerrit.syncleus.com,0
gitlab.slyt.gba.gov.ar,0
git.gplhost.com,0
versaweb.dl.sourceforge.net,0
ogc.dev.java.net,0
riscosopen.org,0
userpages.uni-koblenz.de,0
dirvish.org,0
www.uninformativ.de,0
www.crufty.net,0
git.sistemim.com.tr,0
ftp.fau.de,0
gitlab.inf.elte.hu,0
git.thejh.net,0
libndp.org,0
git.uibk.ac.at,0
www.linta.de,0
www.wellobserve.com,0
libspectre.freedesktop.org,0
quattor.git.sourceforge.net,0
www.xm1math.net,0
jogamp.org,0
git.ring0.de,0
code.rocket9labs.com,0
profs.scienze.univr.it,0
download.qt-project.org,0
www.colordiff.org,0
vtk.org,0
git.h3cjp.net,0
www.efficios.com,0
develop.svn.wordpress.org,0
gitlab.hnyjkj.com:8090,0
gogs.oxusmedia.com,0
notroj.github.io,0
download.gnu.org.ua,0
git.vulpes.one,0
capnproto.org,0
gitlab.laas.fr,0
ftp.soest.hawaii.edu,0
github.org,0
aluigi.altervista.org,0
gvipers.imt-nord-europe.fr,0
www.cosc.canterbury.ac.nz,0
www.busybox.net,0
projects.owldevelopers.site,0
gitlab.greenscale.de,0
riverbankcomputing.com,0
lab.jybrid.com,0
redhat.gallery.vsassets.io,0
www.jabberwocky.com,0
gitlab.outlandish.com,0
gitlab.jhongnet.com:8888,0
www.ansikte.se,0
ftp.fox-toolkit.org,0
www.gitlab.center,0
www.qcustomplot.com,0
www.gap-system.org,0
git.poixson.com,0
gitlab.msri.io,0
www.keepassx.org,0
nuttcp.net,0
bricxcc.sourceforge.net,0
piumarta.com,0
git.justinback.com,0
gitlab.moonda.io,0
git.dev.opencascade.org,0
source.openmpt.org,0
versio.iuem.eu,0
unix4lyfe.org,0
git.musl-libc.org,0
git.gfz-potsdam.de,0
matthias.benkard.de,0
static.openmolar.com,0
bioconductorhubs.blob.core.windows.net,0
support.reiner-sct.de,0
gajim.org,0
repo.entopanlab.it,0
gpl.code.de,0
dhall.gallery.vsassets.io,0
www.corpit.ru,0
git@bitbucket.org,0
tibleiz.net,0
cs.opensource.google,0
www.anc.org,0
git.znachor.cz,0
linux.tlk.fr,0
gitlab.anchumall.com,0
ftp.gwdg.de,0
gitlab.idci-consulting.fr,0
www.fltk.org,0
repositorio.4mmtecnologia.com.br,0
gtkwave.sourceforge.net,0
emacs-guix.gitlab.io,0
fs-uae.net,0
git.lumen.sh,0
gitlab.paperboat.cz,0
git.timshomepage.net,0
user-dirs.freedesktop.org,0
gitlab.24hr.se,0
gitlab.iscpif.fr,0
www.lichteblau.com,0
openjdk-sources.osci.io,0
stable.hypertriton.com,0
www.graphviz.org,0
git.qyliss.net,0
orus.io,0
