url,filename
https://www.cvce.eu/recherche/unit-content/-/unit/5cc6b004-33b7-4e44-b6db-f5f9e6c01023/a777197e-0585-43d6-9354-8171c3c76c5c/Resources#d27938ef-7d39-4d32-b340-07fe7268e3c3_fr&overlay,hal-04293239
https://data.unhcr.org/en/situations/mediterranean,hal-04293239
https://doi.org/10.3406/homig.2000.3617.,hal-04293239
https://doi.org/10.3917/psy.038.0061.,hal-04293239
https://doi.org/10.1093/llc/fqz013.,hal-04293239
https://doi.org/10.4000/communication.13490.,hal-04293239
https://doi.org/10.1515/sem-2018-0141.,hal-04293239
http://psychclassics.yorku.ca/Ebbinghaus/index.htm.,hal-04293239
http://catalogue.bnf.fr/ark:/12148/cb45757214b.,hal-04293239
https://doi.org/10.1016/S0079-7421,hal-04293239
https://doi.org/10.1177/1750698008102049.,hal-04293239
https://books.openedition.org/editionsulm/8557.,hal-04293239
https://doi.org/10.1038/nrn1054.,hal-04293239
https://doi.org/10.1109/IV53921.2021.00013.,hal-04293239
https://doi.org/10.1515/sem-2019-0043.,hal-04293239
https://hal.inrae.fr/hal-02962579Submitted,hal-02962579
https://www.phenome-emphasis.fr/phenome_eng/,hal-02962579
https://cassandra.apache.org,hal-02962579
http://hadoop.apache.org,hal-02962579
https://doi.org/10.5281/zenodo.14366343.,hal-02962579
https://doi.org/10.1145/3543507.3583875Romaissa,hal-04129915
https://doi.org/10.1145/3543507.35838751,hal-04129915
https://www.lix.polytechnique.fr/~goga/datasets/policy_ads_www23.html.,hal-04129915
https://elections2022.imag.fr,hal-04129915
https://github.com/romaissalmh/elections2022.2,hal-04129915
https://elections2022.imag.fr.Secondly,hal-04129915
https://www.facebook.com/la.france.aux.urnes.2022WWW,hal-04129915
https://comparativeagendas.s3.amazonaws.com/codebookfiles/NYT_Front_Page_Policy_Agendas_Codebook_Updated_with_new_CAP_Codes.pdf.,hal-04129915
https://www.nytimes.com/2018/04/04/us/politics/cambridge-analytica-scandal-fallout.html/.,hal-04129915
https://digital-strategy.ec.europa.eu/en/policies/digital-services-act-package.,hal-04129915
https://www.forbes.com/sites/howardhomonoff/2020/12/08/2020-political-ad-spending-exploded-did-it-work/?sh=7e26d2633ce0.,hal-04129915
https://adstransparency.google.com/political?political&region=US.Online,hal-04129915
https://huggingface.co.,hal-04129915
https://www.legifrance.gouv.fr/jorf/id/JORFTEXT000000341734.,hal-04129915
https://manifesto-project.wzb.eu/down/data/2021a/codebooks/codebook_MPDataset_MPDS2021a.pdf.,hal-04129915
https://www.facebook.com/ads/library/report/?source=archive-landing-page&country=FR.La,hal-04129915
https://www.facebook.com/ads/library/.,hal-04129915
https://adobservatory.org/?search_by=topic.,hal-04129915
https://www.electoralcommission.org.uk/i-am-a/voter/misc-campaigning/know-who-paying-misc-political-ads.,hal-04129915
https://www.prolific.co.,hal-04129915
https://www.qualtrics.com.,hal-04129915
https://intelligence.house.gov/social-media-content/.Exposing,hal-04129915
https://doi.org/10.25522/manifesto.mpds.2020b.A,hal-04129915
https://hal.inrae.fr/hal-02903070Submitted,hal-02903070
https://iacademc.oup.com//jxbadvance-articedo/li/.101093//jxberaa2765851451by/INRAEInstitutNationaldeRecherchepourl,hal-02903070
https://iacademc.oup.com//jxbadvance-articedo/li/.101093//jxberaa2765851451by/INRAEInstitutNationaldeRecherchepourl,hal-02903070
https://github.com/openalea-incubator/WheatFspm,hal-02903070
http://doi.org/10.5281/zenodo.3759714.and,hal-02903070
https://iacademc.oup.com//jxbadvance-articedo/li/.101093//jxberaa2765851451by/INRAEInstitutNationaldeRecherchepourl,hal-02903070
https://iacademc.oup.com//jxbadvance-articedo/lFig.,hal-02903070
https://iacademc.oup.com//jxbadvance-articedo/li/.101093Fig.,hal-02903070
https://iacademc.oup.com//jxbadvance-articedo/li/.101093//jxberaa2765851451by/INRAEInstitutNationaldeRecherchepourl,hal-02903070
https://iacademc.oup.comFig.,hal-02903070
https://iacademc.oup.com//jxbadvance-articedo/li/.101093//jxberaa2765851451by/INRAEInstitutNationaldeRecherchepourl,hal-02903070
https://iacademc.oup.comFig.,hal-02903070
https://iacademc.oup.com//jxbadvance-articedo/li/.101093Fig.,hal-02903070
https://iacademc.oup.com//jxbadvance-articedo/li/.101093//jxberaa2765851451by/INRAEInstitutNationaldeRecherchepourl,hal-02903070
https://iacademc.oup.com//jxbadvance-articedo/li/.101093//jxberaa2765851451by/INRAEInstitutNationaldeRecherchepourl,hal-02903070
https://iacademc.oup.com//jxbadvance-articedo/li/.101093//jxberaa2765851451by/INRAEInstitutNationaldeRecherchepourl,hal-02903070
https://iacademc.oup.com//jxbadvance-articedo/li/.101093//jxberaa2765851451by/INRAEInstitutNationaldeRecherchepourl,hal-02903070
https://iacademc.oup.com//jxbadvance-articedo/li/.101093//jxberaa2765851451by/INRAEInstitutNationaldeRecherchepourl,hal-02903070
https://inria.hal.science/hal-03084627Submitted,hal-03084627
http://dbpedia.org,hal-03084627
https://gitlab.inria.fr/lgalarra/remi.REFERENCES,hal-03084627
https://hal.inrae.fr/hal-03601464Submitted,hal-03601464
https://doi.org/10.3390/plants11040530Academic,hal-03601464
https://creativecommons.org/licenses/by/4.0/,hal-03601464
https://doi.org/10.3390/plants11040530https://www.mdpi.com/journal/plants,hal-03601464
https://www.recolnat.org/en/,hal-03601464
http://herbier-guyane.ird.fr/,hal-03601464
http://herbier-guyane.ird.fr/,hal-03601464
http://publish.plantnet-project.org/project/caypub_en,hal-03601464
https://github.com/jsbroks/coco-annotator,hal-03601464
https://pytorch.org/,hal-03601464
https://zenodo.org/record/5777028,hal-03601464
https://pytorch.org/vision/stable/models.html,hal-03601464
https://github.com/facebookresearch/detectron2/blob/main/MODEL_ZOO.md,hal-03601464
https://herbier-guyane.ird.fr/,hal-03601464
https://github.com/facebookresearch/detectron2,hal-03601464
https://github.com/Hv0nnus/Optimal,hal-03479241
https://doi.org/10.1145/3603719.3603730Permission,hal-04234924
https://doi.org/10.1145/3603719.36037301,hal-04234924
https://github.com/JulienMirval/dissec_cozy/tree/master/simulationbdeQacihfg,hal-04234924
https://perma.cc/DP8V-5ABT.,hal-04234924
https://hal-lirmm.ccsd.cnrs.fr/lirmm-03324881Submitted,lirmm-03324881
https://doi.org/10.1002/cpe.6544,lirmm-03324881
https://www.w3.org/TR/prov-dm/#section-prov-extended-mechanismsProvConsumerMessage,lirmm-03324881
http://ibm.com/netherlands.sgy,lirmm-03324881
https://icerm.brown.edu/events/ht19-1-sml,lirmm-03324881
https://www.w3.org/TR/prov-overview,lirmm-03324881
https://www.w3.org/community/ml-schema/,lirmm-03324881
https://ibm.biz/provlake,lirmm-03324881
https://doi.org/10.1145/2623330.2623612,lirmm-03324881
https://github.com/IBM/multi-data-lineage-capture-py,lirmm-03324881
https://doi.org/10.1016/j.websem.2003.09.001,hal-02984951
https://doi.org/10.1016/j.websem.2011.12.001,hal-02984951
https://doi.org/10.3166/jancl.17.129-155,hal-02984951
https://www.sciencedirect.com/bookseries/Handbook,hal-02984951
https://doi.org/10.3233/978-1-61499-672-9-871,hal-02984951
http://dl.acm.org/citation.cfm?id=3091275,hal-02984951
https://doi.org/10.1007/978-3-319-11955-7_10,hal-02984951
https://doi.org/10.1007/978-3-319-69131-2_15Interaction-based,hal-02984951
https://doi.org/10.24963/ijcai.2017/27,hal-02984951
https://gforge.inria.fr/plugins/mediawiki/wiki/lazylav/index.php/20180826-NOOR.,hal-02984951
http://ceur-ws.org/Vol-1014/paper_63.pdf,hal-02984951
http://www.aaai.org/ocs/index.php/KR/KR16/paper/view/12893,hal-02984951
https://ub-madoc.bib.uni-mannheim.de/29351,hal-02984951
http://dl.acm.org/citation.cfm?id=2615816,hal-02984951
http://arxiv.org/abs/1307.5322,hal-02984951
https://doi.org/10.1109/TKDE.2011.253,hal-02984951
https://gdpr-info.eu/.,hal-02269203
https://inria.hal.science/hal-02921457Submitted,hal-02921457
https://gitlab.inria.fr/mburon/graph-layout-experiments,hal-02921457
https://ontosql.inria.fr,hal-02921457
https://rdfquotient.inria.fr,hal-02921457
https://www.backblaze.com/blog/hard-drive-cost-per-gigabyte/,hal-02921457
https://www.w3.org/TR/rdf11-concepts/2.,hal-02921457
https://www.w3.org/TR/rdf11-mt/#rdfs-entailment3.,hal-02921457
https://www.w3.org/TR/sparql11-query/4.,hal-02921457
https://inria.hal.science/hal-03536045v2Submitted,hal-03536045
https://hal.inria.fr/hal-03527888.,hal-03536045
http://dx.doi.org/10.1145/1265530.1265564.,hal-03536045
http://portal.acm.org/citation.cfm?coll=GUIDE&dl=GUIDE&id=1007390.,hal-03536045
http://doi.acm.org/10.1145/1516512.1516518.,hal-03536045
https://doi.org/10.1007/978-3-030-50026-9_12.,hal-03536045
https://doi.org/10.1016/S0304-0208,hal-03536045
http://www.sciencedirect.com/science/article/pii/S030402080873072X.,hal-03536045
http://www.ps.uni-sb.de/Papers/abstracts/stepwise.html.,hal-03536045
http://tata.gforge.inria.fr.,hal-03536045
http://dx.doi.org/10.1016/j.tcs.2015.01.017.,hal-03536045
https://doi.org/10.1137/S0097539791194094.,hal-03536045
https://doi.org/10.1145/2699442.,hal-03536045
https://doi.org/10.1016/0022-0000,hal-03536045
https://users.dimi.uniud.it/~massimo.franceschet/xpathmark/PTbench.html.,hal-03536045
http://hal.inria.fr/inria-00390236/en.,hal-03536045
https://doi.org/10.1145/767193.767195.,hal-03536045
https://doi.org/10.1145/2448496.2448513.,hal-03536045
https://tel.archives-ouvertes.fr/tel-02276423.,hal-03536045
http://drops.dagstuhl.de/opus/volltexte/2018/8594.,hal-03536045
https://doi.org/10.1007/3-540-10003-2_89.,hal-03536045
http://dx.doi.org/10.1145/2213836.2213866.,hal-03536045
https://hal.inria.fr/hal-03134596.,hal-03536045
https://doi.org/10.1145/2636805.2636821.,hal-03536045
https://drops.dagstuhl.de/opus/volltexte/2021/13712.,hal-03536045
https://books.google.fr/books?id=jLbH4LJbuDsC.,hal-03536045
https://inria.hal.science/hal-02310749v2Submitted,hal-02310749
http://webdam.inria.fr/Alice/.2,hal-02310749
https://youtu.be/iZLTLNierAY,hal-03726153
https://youtube.com/shorts/VM_mrTegeVA,hal-03726153
http://mainline.i3s.unice.fr/distortionBook/sounds/,hal-03726153
https://github.com/webaudiomodules/wam-examples,hal-03726153
https://mainline.i3s.unice.fr/AmpSim5/,hal-03726153
https://www.youtube.com/watch?v=PiOD7n3g-Qs,hal-03726153
https://www.youtube.com/watch?v=DUM99xQt5fg,hal-03726153
https://www.youtube.com/watch?v=lIfm9ZMtG-I,hal-03726153
https://www.youtube.com/watch?v=qYzd5WGEbrM,hal-03726153
https://youtu.be/4epxLuaVuMQ,hal-03726153
https://youtu.be/dLDoNquJYbc,hal-03726153
https://www.youtube.com/watch?v=js_YOthpyuo,hal-03726153
https://www.youtube.com/watch?v=rViUD9VWFFM,hal-03726153
https://www.youtube.com/watch?v=-NdMdJQx2Bw,hal-03726153
https://www.youtube.com/watch?v=zBhn7odezUQ,hal-03726153
https://www.youtube.com/watch?v=CPDgbRpLcBM,hal-03726153
https://rhordijk.home.xs4all.nl/G2Pages/Distortion.htm,hal-03726153
http://hdl.handle.net/2123/7608,hal-03726153
https://www.phenome-emphasis.fr/phenomeeng/,hal-02969510
https://cassandra.apache.org,hal-02969510
http://lustre.org,hal-02969510
http://hadoop.apache.org,hal-02969510
http://www.hdigitag.fr/com,hal-02969510
https://hal-lirmm.ccsd.cnrs.fr/lirmm-02148142Submitted,lirmm-02148142
https://inria.hal.science/hal-04153252Submitted,hal-04153252
https://www.ogc.org/standard/sfa/flou,hal-04153252
http://ns.inria.fr/sure#un,hal-04153252
http://www.w3.org/1999/02/22-rdf-syntax-ns,hal-04153252
http://www.opengis.net/ont/geosparql#,hal-04153252
http://www.w3.org/2000/01/rdf-schema#,hal-04153252
http://www.w3.org/2002/07/owl#,hal-04153252
http://www.w3.org/2001/XMLSchema#,hal-04153252
http://ns.inria.fr/sure#,hal-04153252
https://hal.inrae.fr/hal-03329674Submitted,hal-03329674
http://link.springer.com/10.1007/s10681-018-2226-z.Aakash,hal-03329674
http://www.sciencedirect.com/science/article/pii/S1360138513000812.Andrew,hal-03329674
http://www.plantphysiol.org/lookup/doi/10.1104/pp.16.00984.Nathalie,hal-03329674
http://linkinghub.elsevier.com/retrieve/pii/S0378429011000451.Sylvain,hal-03329674
https://www.nature.com/articles/s41598-018-21191-6.,hal-03329674
https://www.frontiersin.org/articles/10.3389/fpls.2018.01195/full.,hal-03329674
http://www.sciencedirect.com/science/article/pii/S092427161400094X.Lene,hal-03329674
https://doi.org/10.1007/s11119-005-5643-7.Hui,hal-03329674
https://linkinghub.elsevier.com/retrieve/pii/S016816992031869X.Fabio,hal-03329674
http://www.annualreviews.org/doi/abs/10.1146/annurev-arplant-050312-120137.Ewa,hal-03329674
http://www.sciencedirect.com/science/article/pii/S0003267018306421.Svante,hal-03329674
http://journals.sagepub.com/doi/10.1255/jnirs.283.E.,hal-03329674
http://www.sciencedirect.com/science/article/pii/S016974399900043X.Wangdong,hal-03329674
http://www.sciencedirect.com/science/article/pii/S0003267013015158.D.,hal-03329674
http://www.sciencedirect.com/science/article/pii/S0039914006007119.F.,hal-03329674
http://journals.sagepub.com/doi/10.1255/jnirs.1213.Tormod.,hal-03329674
https://pubs.acs.org/doi/abs/10.1021/ac00206a003.Maxime,hal-03329674
http://www.sciencedirect.com/science/article/pii/S0169743920301908.R.,hal-03329674
http://doi.wiley.com/10.1002/cem.785.R.,hal-03329674
https://doi.org/10.1111/j.1469-1809.1936.tb02137.x.,hal-03329674
https://onlinelibrary.wiley.com/doi/abs/10.1111/j.1469-1809.1936.tb02137.x.eprint:https://onlinelibrary.wiley.com/doi/pdf/10.1111/j.1469-1809.1936.tb02137.x.Matthieu,hal-03329674
https://doi.org/10.1002/cem.2440.URL,hal-03329674
https://onlinelibrary.wiley.com/doi/abs/10.1002/cem.2440.eprint:https://onlinelibrary.wiley.com/doi/pdf/10.1002/cem.2440.Jun-Li,hal-03329674
http://www.sciencedirect.com/science/article/pii/S0168169918314455.29,hal-03329674
https://inria.hal.science/hal-02274497v2Submitted,hal-02274497
http://www.sdss3.org/dr8/Servers:,hal-02274497
https://inria.hal.science/hal-03140067Submitted,hal-03140067
https://bitbucket.org/smaniu/graph-provenance/src/master/.The,hal-03140067
https://github.com/smaniu/treewidth/,hal-03140067
http://snap.stanford.edu/data/index.html.4http://users.diag.uniroma1.it/challenge9/download.shtml,hal-03140067
https://doi.org/10.1016/0304-3975,hal-03140067
http://dl.acm.org/citation.cfm?id=1873601.1873665,hal-03140067
https://doi.org/10.1215/S0012-7094-37-00334-X,hal-03140067
https://doi.org/10.1145/256303.256306,hal-03140067
http://www.jstor.org/stable/1969503,hal-03140067
https://doi.org/10.1007/978-3-319-08846-4_1,hal-03140067
https://doi.org/10.1145/3183713.3190657,hal-03140067
https://doi.org/10.1145/3034786.3056125,hal-03140067
https://www.gqlstandards.org/.,hal-03140067
https://doi.org/10.1109/HPEC.2016.7761646,hal-03140067
https://doi.org/10.4230/LIPIcs.ICDT.2019.12,hal-03140067
http://arxiv.org/abs/1610.04963,hal-03140067
http://ceur-ws.org/Vol-2399/paper08.pdf,hal-03140067
https://www.usenix.org/conference/tapp2018/presentation/ramusat,hal-03140067
https://doi.org/10.1007/978-3-642-59136-5_9,hal-03140067
https://doi.org/10.14778/3229863.3236253,hal-03140067
http://arxiv.org/abs/1412.0011,hal-03140067
https://doi.org/10.2200/S00361ED1V01Y201105HLT013,hal-03140067
https://doi.org/10.1145/2960414.2960421,hal-03140067
https://inria.hal.science/hal-01891814Submitted,hal-01891814
https://www.sciencedirect.com/science/article/pii/S0304397519303214Manuscript_5a5346aae94ebd477ffa2198611c185fComputing,hal-01891814
https://creativecommons.org/licenses/by-nc/4.0/,hal-01891814
http://www.timeseriesclassiﬁcation.com/singleTrainTest.csv,hal-03025671
https://keras.io/0.000.250.500.751.00AccuracyforXCNN0.00.20.40.60.81.0AccuracyforFSwin:64tie:1loss:20p-value:6.60e-070.000.250.500.751.00AccuracyforXCNN0.00.20.40.60.81.0AccuracyforLSwin:27tie:1loss:57p-value:1.15e-030.000.250.500.751.00AccuracyforXCNN0.00.20.40.60.81.0AccuracyforELISwin:23tie:0loss:29p-value:8.63e-010.000.250.500.751.00AccuracyforCNN0.00.20.40.60.81.0AccuracyforLSwin:42tie:5loss:38p-value:3.60e-01,hal-03025671
http://tensorﬂow.org/,hal-03025671
http://jmlr.org/papers/v21/20-091.htmlnumber,hal-03025671
https://hal.inrae.fr/hal-04345437Submitted,hal-04345437
https://www.macaulaylibrary.org,hal-04345437
https://www.kaggle.com/c/birdclef-2023,hal-04345437
https://www.kaggle.com/c/birdclef-2023,hal-04345437
https://www.sciencedirect.com/science/article/pii/S0006320723001520.,hal-04345437
https://doi.org/10.1016/j.biocon.2023.110051.,hal-04345437
https://inria.hal.science/hal-03087778Submitted,hal-03087778
https://github.com/sebpiq/WebPd,hal-03087778
https://www.w3.org/TR/webaudio,hal-03087778
https://cables.gl/,hal-03087778
https://github.com/pckerneis/WebAudio-Visual-Editor,hal-03087778
https://github.com/g200kg/webaudiodesigner,hal-03087778
https://mosaicode.github.io/,hal-03087778
https://www.jasonsigal.cc/portfolio/olos.,hal-03087778
https://docs.cycling74.com/max8/vignettes/gen_overview,hal-03087778
https://fr0stbyter.github.io/jspatcher/dist/?mode=faust,hal-03087778
https://docs.cycling74.com/max8/vignettes/gen_genexpr,hal-03087778
https://www.w3.org/TR/webmidi,hal-03087778
https://webassembly.org/,hal-03087778
https://github.com/grame-cncm/faust2webaudio,hal-03087778
https://www.typescriptlang.org/,hal-03087778
https://reactjs.org/,hal-03087778
https://babeljs.io/,hal-03087778
https://webpack.js.org/,hal-03087778
https://react.semantic-ui.com/,hal-03087778
https://microsoft.github.io/monaco-editor/,hal-03087778
https://sass-lang.com/,hal-03087778
https://youtu.be/vYgqjakKYwo,hal-03087778
https://mainline.i3s.unice.fr/Wasabi-Pedalboard/,hal-03087778
http://dico-snds.health-data-hub.fr/,hal-03326618
http://open-data-assurance-maladie.ameli.fr/,hal-03326618
https://www.data.gouv.fr/datasets/54de1e8fc751df388646738b4https://www.data.gouv.fr/datasets/566e964188ee3875beaf0bf55https://www.scansante.fr/open-ccam/open-ccam-20196https://www.data.gouv.fr/datasets/58d3c14bc751df6883298f1c7Data,hal-03326618
https://www.insee.fr/en/statistiques,hal-03326618
https://gitlab.inria.fr/tguyet/medtrajectory_datagen,hal-03326618
https://github.com/gaudel/ranking,hal-03163763
https://www.kaggle.com/c/yandex-personalized-web-search-challengepersonalizedsearchweb2013.,hal-03163763
https://hal.inrae.fr/hal-04043460Submitted,hal-04043460
https://onlinelibrary.wiley.com/doi/10.1002/pts.2720,hal-04043460
https://onlinelibrary.wiley.com/terms-and-conditions,hal-04043460
https://onlinelibrary.wiley.com/doi/10.1002/pts.2720,hal-04043460
https://onlinelibrary.wiley.com/terms-and-conditions,hal-04043460
https://onlinelibrary.wiley.com/doi/10.1002/pts.2720,hal-04043460
https://onlinelibrary.wiley.com/terms-and-conditions,hal-04043460
https://onlinelibrary.wiley.com/doi/10.1002/pts.2720,hal-04043460
https://onlinelibrary.wiley.com/terms-and-conditions,hal-04043460
https://onlinelibrary.wiley.com/doi/10.1002/pts.2720,hal-04043460
https://onlinelibrary.wiley.com/terms-and-conditions,hal-04043460
https://onlinelibrary.wiley.com/doi/10.1002/pts.2720,hal-04043460
https://onlinelibrary.wiley.com/terms-and-conditions,hal-04043460
https://onlinelibrary.wiley.com/doi/10.1002/pts.2720,hal-04043460
https://onlinelibrary.wiley.com/terms-and-conditions,hal-04043460
https://onlinelibrary.wiley.com/doi/10.1002/pts.2720,hal-04043460
https://onlinelibrary.wiley.com/terms-and-conditions,hal-04043460
https://onlinelibrary.wiley.com/doi/10.1002/pts.2720,hal-04043460
https://onlinelibrary.wiley.com/terms-and-conditions,hal-04043460
https://onlinelibrary.wiley.com/doi/10.1002/pts.2720,hal-04043460
https://onlinelibrary.wiley.com/terms-and-conditions,hal-04043460
https://doi.org/10.In,hal-04043460
https://onlinelibrary.wiley.com/doi/10.1002/pts.2720,hal-04043460
https://onlinelibrary.wiley.com/terms-and-conditions,hal-04043460
https://doi.org/10.57745/SVFQL2.,hal-04043460
https://onlinelibrary.wiley.com/doi/10.1002/pts.2720,hal-04043460
https://onlinelibrary.wiley.com/terms-and-conditions,hal-04043460
https://onlinelibrary.wiley.com/doi/10.1002/pts.2720,hal-04043460
https://onlinelibrary.wiley.com/terms-and-conditions,hal-04043460
https://onlinelibrary.wiley.com/doi/10.1002/pts.2720,hal-04043460
https://onlinelibrary.wiley.com/terms-and-conditions,hal-04043460
https://onlinelibrary.wiley.com/doi/10.1002/pts.2720,hal-04043460
https://onlinelibrary.wiley.com/terms-and-conditions,hal-04043460
https://onlinelibrary.wiley.com/doi/10.1002/pts.2720,hal-04043460
https://onlinelibrary.wiley.com/terms-and-conditions,hal-04043460
https://onlinelibrary.wiley.com/doi/10.1002/pts.2720,hal-04043460
https://onlinelibrary.wiley.com/terms-and-conditions,hal-04043460
https://doi.org/10.treatment.,hal-04043460
https://onlinelibrary.wiley.com/doi/10.1002/pts.2720,hal-04043460
https://onlinelibrary.wiley.com/terms-and-conditions,hal-04043460
https://onlinelibrary.wiley.com/doi/10.1002/pts.2720,hal-04043460
https://onlinelibrary.wiley.com/terms-and-conditions,hal-04043460
https://onlinelibrary.wiley.com/doi/10.1002/pts.2720,hal-04043460
https://onlinelibrary.wiley.com/terms-and-conditions,hal-04043460
https://onlinelibrary.wiley.com/doi/10.1002/pts.2720,hal-04043460
https://onlinelibrary.wiley.com/terms-and-conditions,hal-04043460
https://onlinelibrary.wiley.com/doi/10.1002/pts.2720,hal-04043460
https://onlinelibrary.wiley.com/terms-and-conditions,hal-04043460
https://entrepot.recherche.data.gouv.fr/dataverse/glopack,hal-04043460
https://doi.org/10.57745/In,hal-04043460
https://doi.org/10.57745/JR.are,hal-04043460
https://orcid.org/0000-0002-0044-2322In,hal-04043460
https://orcid.org/0000-0002-7117-1988sidering,hal-04043460
https://onlinelibrary.wiley.com/doi/10.1002/pts.2720,hal-04043460
https://onlinelibrary.wiley.com/terms-and-conditions,hal-04043460
https://onlinelibrary.wiley.com/doi/10.1002/pts.2720,hal-04043460
https://onlinelibrary.wiley.com/terms-and-conditions,hal-04043460
https://www.cambridgeindependent.co.uk/news/mission-compostable-cambridge-bid-launches-new-public-bins-9229753/.,hal-04043460
http://www.consultations-publiques.developpement-durable.gouv.fr/IMG/pdf/annexe_6_de_la_strategie_-_fiches_sectorielles.pdfHow,hal-04043460
https://onlinelibrary.wiley.com/doi/10.1002/pts.2720,hal-04043460
https://onlinelibrary.wiley.com/terms-and-conditions,hal-04043460
http://shorturl.at/ahAY4,hal-02872132
https://www.flir.com/oem/adas/,hal-02872132
https://hal.inrae.fr/hal-03738973Submitted,hal-03738973
http://creativecommons.org/licenses/by/4.0/,hal-03738973
https://www6.inrae.fr/cati-icat-atweb/Aubin,hal-03738973
https://hal.archives-ouvertes.fr/hal-02284538Barnabe,hal-03738973
https://doi.org/10.15454/DYNCENMICROFILTRATION,hal-03738973
http://agroportal.lirmm.fr/ontologies/MICROFILTRATION18,hal-03738973
https://doi.org/10.1007/11596042_59Uschold,hal-03738973
https://doi.org/10.12688/f1000research.12234.2Yun,hal-03738973
http://www.w3.org/2001/XMLSchema#integer,hal-03738973
http://www.w3.org/2002/07/owl#,hal-03738973
http://www.w3.org/2000/01/rdf-schema#,hal-03738973
http://www.w3.org/1999/02/22-rdf-syntax-ns#,hal-03738973
http://www.w3.org/2001/XMLSchema#,hal-03738973
http://opendata.inra.fr/resources/MICROFILTRATION#,hal-03738973
https://opendata.inra.fr/resources/atWeb/annotation/,hal-03738973
http://opendata.inra.fr/resources/core#,hal-03738973
https://inria.hal.science/hal-01941862Submitted,hal-01941862
http://archive.ics.uci.edu/ml,hal-01941862
https://inria.hal.science/hal-02989077Submitted,hal-02989077
https://www.fsa.usda.gov2,hal-02989077
https://geoservices.ign.fr3,hal-02989077
http://osr-cesbio.ups-tlse.fr/~oso/posts/2017-03-30-carte-s2-2016/4,hal-02989077
https://lpdaac.usgs.gov/products/srtmgl1v003/,hal-02989077
https://www.aicrowd.com/,hal-02989077
https://inria.hal.science/hal-03150441v2Submitted,hal-03150441
https://en.wikipedia.org/wiki/Data_journalismPreprint,hal-03150441
http://a.org,hal-03150441
http://a.org,hal-03150441
https://github.com/ﬂairNLP/ﬂair3https://www.clips.uantwerpen.be/conll2003/ner/4https://www.mpi-inf.mpg.de/departments/databases-and-information-systems/research/ambiverse-nlu/13,hal-03150441
https://github.com/ambiverse-nlu/ambiverse-nlu#maintainers-and-contributors6https://uima.apache.org/doc-uima-why.html14,hal-03150441
https://www.hatvp.fr/livraison/merge/declarations.xml27,hal-03150441
https://spacy.io/,hal-03150441
https://www.clips.uantwerpen.be/conll2002/ner/,hal-03150441
https://team.inria.fr/cedar/files/2021/04/Haris-SAHOVIC-2019-report.pdf.in,hal-03150441
https://inria.hal.science/hal-04335580Submitted,hal-04335580
https://dx.doi.org/10.5281/zenodo.6769408,hal-04335580
https://www.youtube.com/watch?v=w7a_Kbx7nA8,hal-04335580
https://wam-studio.i3s.univ-cotedazur.fr/,hal-04335580
https://sequencer.party/,hal-04335580
https://inria.hal.science/hal-02927913Submitted,hal-02927913
https://hal-lirmm.ccsd.cnrs.fr/lirmm-03822964Submitted,lirmm-03822964
https://doi.org/10.1109/ISVLSI.2006.189.,lirmm-03822964
https://github.com/pmangold/fairness-privacy.,hal-03902203
http://link.springer.com/10.1007/978-0-387-84858-7.Huang,hal-03902203
http://mmlab.ie.cuhk.edu.hk/projects/CelebA.html,hal-03902203
https://github.com/zykls/folktables.On,hal-03902203
https://inria.hal.science/hal-04138880Submitted,hal-04138880
https://scholar.google.com/2https://www.base-search.net/3More,hal-04138880
https://csxstatic.ist.psu.edu/downloads/software,hal-04138880
https://github.com/AntoineGauquier/inferring_document_class_of_scientific_article/.,hal-04138880
https://github.com/kermitt2/pdfalto5https://www.loc.gov/standards/alto/Antoine,hal-04138880
https://arxiv.org/7https://info.arxiv.org/help/bulk_data_s3.html,hal-04138880
https://doi.org/10.1023/A:1010933404324,hal-04138880
https://doi.org/10.1007/BF00994018,hal-04138880
https://hal.inria.fr/hal-02940819,hal-04138880
https://doi.org/10.1145/2467696.2467703Ian,hal-04138880
http://www.deeplearningbook.org.,hal-04138880
https://doi.org/10.48550/ARXIV.2107.11277,hal-04138880
https://doi.org/10.1145/2232817.2232852,hal-04138880
https://doi.org/10.1162/neco.1989.1.4.541,hal-04138880
https://doi.org/10.1109/CVPR52688.2022.01167,hal-04138880
https://doi.org/10.1007/978-3-642-04346-8_62,hal-04138880
https://doi.org/10.1145/3469096.3475059,hal-04138880
https://doi.org/10.1109/ICICS49469.2020.239556,hal-04138880
https://doi.org/10.1007/978-0-387-30164-8_832,hal-04138880
https://doi.org/10.1007/s00799-014-0110-6,hal-04138880
https://proceedings.mlr.press/v139/tan21a.html,hal-04138880
https://arxiv.org/abs/1811.03060,hal-04138880
https://doi.org/10.1109/CVPR.2018.00907,hal-04138880
https://inria.hal.science/hal-03347947Submitted,hal-03347947
https://gitlab.inria.fr/cedar/connectionlensTable,hal-03347947
https://doi.org/10.1145/1142473.1142574,hal-03779349
https://doi.org/10.1145/1142473.11425744.,hal-03779349
http://kluedo.ub.uni-Universitysis,hal-03779349
https://www.elastic.co/kibana,hal-03779349
https://doi.org/10.1109/MCG.2019.293341914.,hal-03779349
https://doi.org/10.1145/263690.263806,hal-03779349
https://doi.org/10.1145/263690.26380615.,hal-03779349
https://doi.org/10.1109/VAST.2016.788351518.,hal-03779349
https://www.public.tableau.com/s,hal-03779349
https://inria.hal.science/hal-02191794Submitted,hal-02191794
https://en.wikipedia.org/wiki/FTSE,hal-02191794
https://inria.hal.science/hal-02166432v2Submitted,hal-02166432
https://project.inria.fr/comprise/,hal-02166432
https://inria.hal.science/hal-04388912Submitted,hal-04388912
https://www.dbpedia.org/resources/knowledge-graphs/2https://www.dbpedia.org/resources/live/histories,hal-04388912
https://doi.org/10.5281/zenodo.72569885Linux,hal-04388912
http://www.w3.org/TR/2014/NOTE-rdf11-primer-20140624/.Andy,hal-04388912
http://www.w3.org/TR/2013/REC-sparql11-query-20130321/.SPARQL,hal-04388912
https://doi.org/10.1145/3524273.3532895ACM,hal-03710323
https://doi.org/10.1145/3524273.3532895INTRODUCTION1Immersive,hal-03710323
https://www.cnbc.com/2021/12/27/metas-oculus-virtual-reality-headsets-were-a-popular-holiday-gift.html,hal-03710323
https://gitlab.com/PEM360/PEM360/other,hal-03710323
https://tinyurl.com/25vjwk2s.tool,hal-03710323
https://ai4media.eu/,hal-03710323
https://doi.org/10.1177/1046878119831420https://doi.org/10.1177/1046878119831420,hal-03710323
https://doi.org/10.1109/QoMEX48832.2020.9123126,hal-03710323
https://wiki.loliot.net/docs/lang/python/libraries/yolov4/python-yolov4-about/,hal-03710323
https://doi.org/10.3389/frvir.2020.552587,hal-03710323
https://sample-size.net/correlation-sample-size/.,hal-03710323
https://doi.org/10.1109/QoMEX48832.2020.9123125,hal-03710323
https://doi.org/10.1109/TCSVT.2018.2886277,hal-03710323
https://doi.org/10.1145/3411763.3451627,hal-03710323
https://doi.org/10.1109/TMM.2021.3124080REFERENCES,hal-03710323
https://doi.org/10.1016/j.tjem.2018.08.001,hal-03710323
https://doi.org/10.1080/026999398379574,hal-03710323
https://doi.org/10.1007/978-1-4614-1126-0Pages:,hal-03710323
https://doi.org/10.1016/0005-7916,hal-03710323
https://hal.archives-ouvertes.fr/hal-00977812,hal-03710323
https://doi.org/10.1145/3442381.3450070,hal-03710323
https://doi.org/10.1016/j.ijhcs.2015.05.004,hal-03710323
https://doi.org/10.1016/0004-Artificial,hal-03710323
https://doi.org/10.1109/34.730558,hal-03710323
https://journals.lww.com/optvissci/Fulltext/2001/08000/Designing_ologic,hal-03710323
https://github.com/akisatok/pySaliencyMap,hal-03710323
https://doi.org/10.1016/j.jcm.2016.02.012Edition:,hal-03710323
https://doi.org/10.3758/s13428-012-0226-9,hal-03710323
https://doi.org/10.3389/fpsyg.2017.02116,hal-03710323
https://doi.org/10.3758/s13428-020-01516-y,hal-03710323
https://github.com/NitishMutha/equirectangular-toolbox,hal-03710323
https://doi.org/10.1145/3297280.32973271,hal-01999453
https://doi.org/10.1145/3297280.3297327Figure,hal-01999453
https://github.com/khadidjaM/DC-DPM.In,hal-01999453
http://ec.europa.eu/research/participants/portal/desktop/en/opportunities/h2020/topics/dt-rur-12-2018.html,hal-01999453
https://onlinelibrary.wiley.com/doi/pdf/10.1002/9780470627242.ch18,hal-01999453
https://doi.org/10.1109/ICSTC.2017.8011861Chap-https://doi.org/10.1002/9780470627242.ch18Wiley-Blackwell,hal-01999453
https://doi.org/10.1214/aos/1176342871,hal-01999453
https://doi.org/10.1023/B:AIRE.0000045502.10941.a9,hal-01999453
https://doi.org/10.1051/0004-6361/201423806,hal-01999453
http://dl.acm.org/citation.cfm?id=1756006.1953024,hal-01999453
http://dl.acm.org/citation.cfm?id=3171837.3171935,hal-01999453
https://inria.hal.science/hal-03934346Submitted,hal-03934346
https://vldb.org/pvldb/volumes/15/paper/Troubles%20with%20Nulls%2C%20Views%20from%20the%20Users,hal-03934346
https://github.com/etouss/NULLSurvey.1,hal-03934346
https://creativecommons.org/licenses/by-nc-nd/4.0/,hal-03934346
http://aaai.org/ocs/index.php/KR/KR2010/paper/view/1218,hal-03934346
https://doi.org/10.1016/S0020-0255,hal-03934346
https://doi.org/10.1145/16301.16303,hal-03934346
http://www.aaai.org/ocs/index.php/KR/KR16/paper/view/12813,hal-03934346
https://doi.org/10.1016/j.artint.2021.103603,hal-03934346
https://doi.org/10.1145/3375395.3387970,hal-03934346
http://www.vldb.org/conf/1988/P050.PDFJohn,hal-03934346
https://doi.org/10.1145/115790.115838,hal-03934346
https://doi.org/10.1006/jcss.1996.0010,hal-03934346
https://unstats.un.org/unsd/classifications/Econ/isic.,hal-03934346
https://doi.org/10.1109/ICDE.2018.00214,hal-03934346
https://doi.org/10.2501/IJMR-2017-039Judy,hal-03934346
https://data.world/blog/understanding-null-values-a-research-partnership-with-the-university-of-edinburgh/.,hal-03934346
https://doi.org/10.3233/978-1-60750-690-4-354,hal-03934346
https://doi.org/10.24963/kr.2020/78,hal-03934346
https://inria.hal.science/hal-03908363Submitted,hal-03908363
https://doi.org/10.1145/3511808.3557489INTRODUCTION1In,hal-03908363
https://doi.org/10.1145/3511808.3557489decision,hal-03908363
https://gdpr-info.eu/,hal-03908363
https://github.com/j2launay/APE,hal-03908363
https://doi.org/10.1007/BF02289263,hal-03908363
https://www.sciencedirect.com/science/article/pii/S0004370220301533,hal-03908363
https://arxiv.org/abs/2010.10596,hal-03908363
http://ceur-ws.org/Vol-2699/paper03.pdf,hal-03908363
http://arxiv.org/abs/1711.00399REFERENCES,hal-03908363
https://doi.org/10.1145/3340531.3417461,hal-03908363
https://doi.org/10.1109/TNN.2005.860871,hal-03908363
https://doi.org/10.1007/s10994-019-05856-5,hal-03908363
http://proceedings.mlr.press/v108/garreau20a.html,hal-03908363
http://arxiv.org/abs/1805.10820,hal-03908363
https://doi.org/10.1145/3236009,hal-03908363
http://arxiv.org/abs/1712.08443,hal-03908363
http://arxiv.org/abs/1806.07498,hal-03908363
http://papers.nips.cc/paper/7062-a-unified-approach-to-interpreting-model-predictions,hal-03908363
https://doi.org/10.1016/j.artint.2018.07.007,hal-03908363
https://www.aaai.org/ocs/index.php/AAAI/AAAI18/paper/view/16982,hal-03908363
http://proceedings.mlr.press/v70/shrikumar17a.html,hal-03908363
https://doi.org/10.1145/3219819.3219994,hal-03908363
http://proceedings.mlr.press/v70/sundararajan17a.,hal-03908363
https://hal-lirmm.ccsd.cnrs.fr/lirmm-04173545Submitted,lirmm-04173545
https://doi.org/10.1145/3447772,lirmm-04173545
https://doi.org/10.1145/344777216.,lirmm-04173545
https://inria.hal.science/hal-03344041v2Submitted,hal-03344041
https://inria.hal.science/hal-01978784Submitted,hal-01978784
https://lod-cloud.net,hal-01978784
http://lodatlas.lri.fr,hal-01978784
https://wiki.dbpedia.org,hal-01978784
https://data.gov.uk,hal-01978784
https://data.govetc.,hal-01978784
https://team.inria.fr/cedar/projects/rdfquotient/,hal-01978784
https://team.inria.fr/cedar/projects/rdfquotient/,hal-01978784
https://hal.inria.fr/hal-01325900,hal-01978784
https://hal.inria.fr/hal-01925496,hal-01978784
https://inria.hal.science/hal-01497857v3Submitted,hal-01497857
https://doi.org/10.1016/j.tcs.2020.03.0200304-3975/,hal-01497857
https://github.com/micbuffa/WasabiDataset.Keywords:,hal-03133188
http://wasabihome.i3s.unice.fr/Proceedingsofthe12thConferenceonLanguageResourcesandEvaluation,hal-03133188
http://millionsongdataset.com/lastfm/9Based,hal-03133188
http://www.semanticaudio.ac.uk3http://wasabi.i3s.unice.fr/4Illustration,hal-03133188
http://lyrics.wikia.com/6from,hal-03133188
http://usdb.animux.de/2139,hal-03133188
https://github.com/micbuffa/WasabiDataset.3.,hal-03133188
https://wasabi.i3s.unice.fr/apidoc/13There,hal-03133188
https://wasabi.i3s.unice.fr/#/search/artist/Britney%20Spears/album/In%20The%20Zone/song/Everytime,hal-03133188
https://github.com/TuringTrain/lyrics_thumbnailing2141,hal-03133188
https://github.com/deezer/deezer_mood_detection_dataset20Depiction,hal-03133188
https://www.wortwolken.com/Figure,hal-03133188
http://millionsongdataset.com/musixmatch/24https://www.soundtrackyourbrand.com2144,hal-03133188
https://inria.hal.science/hal-03454183Submitted,hal-03454183
https://doi.org/10.3390/plants10112471Academic,hal-03454183
https://creativecommons.org/licenses/by/4.0/,hal-03454183
https://doi.org/10.3390/plants10112471https://www.mdpi.com/journal/plantsplants,hal-03454183
https://www.gbif.org/,hal-03454183
https://www.idigbio.org/,hal-03454183
https://github.com/jsbroks/coco-annotator,hal-03454183
https://www.mdpi.com/article/10.3390/plants10112471/s1,hal-03454183
https://doi.org/10.5281/zenodo.5574675,hal-03454183
https://zenodo.org/record/3865263#.YZMUt7oRVPY,hal-03454183
https://github.com/facebookresearch/maskrcnn-benchmark,hal-03454183
https://inria.hal.science/hal-03139460Submitted,hal-03139460
https://doi.org/10.1101/280917,hal-03139460
https://hal.archives-ouvertes.fr/hal-02918834.Garbout,hal-03139460
https://inria.hal.science/hal-03135131Submitted,hal-03135131
https://theconversation.com/les-ia-comprennent-elles-ce-quelles-font-...FermerL,hal-03135131
https://theconversation.com/les-ia-comprennent-elles-ce-quelles-font-...autonome,hal-03135131
https://theconversation.com/les-ia-comprennent-elles-ce-quelles-font-...Sommes-nous,hal-03135131
https://theconversation.com/les-ia-comprennent-elles-ce-quelles-font-...Le,hal-03135131
https://hal.inrae.fr/hal-03338811Submitted,hal-03338811
https://doi.org/10.3897/biss.5.73857AbstractPl@ntnet,hal-03338811
https://identify.plantnet.org/groups,hal-03338811
https://doi.org/10.34971/zaz0-n247Bonnet,hal-03338811
https://doi.org/10.3897/biss.4.58933Bonnet,hal-03338811
https://doi.org/10.1002/2688-8319.12023Joly,hal-03338811
https://doi.org/10.1016/j.ecoinf.2013.07.006Joly,hal-03338811
https://doi.org/10.1007/s00530-015-0462-9Joly,hal-03338811
https://doi.org/10.1145/2964284.2976762,hal-03338811
https://doi.org/10.1038/sdata.2016.18,hal-03338811
https://inria.hal.science/hal-03925679v3Submitted,hal-03925679
https://project.inria.fr/edgelet/,hal-03925679
https://tinyurl.com/cisco-internet-report,hal-03925679
https://tinyurl.com/domycile,hal-03925679
https://tinyurl.com/e-tonomy.,hal-03925679
https://tinyurl.com/grouping-sets,hal-03925679
https://inria.hal.science/hal-02191810Submitted,hal-02191810
https://en.wikipedia.org/wiki/FTSE,hal-02191810
https://gitlab.inria.fr/nabbas/lksa.,hal-03512110
http://oaei.ontologymatching.org/2010/im/index.html4.http://oaei.ontologymatching.org/2018/spimbench.html5.https://github.com/lgalarra/vickey,hal-03512110
https://www.w3.org/TR/owl-guide/.Volz,hal-03512110
https://eds.aphp.fr/covid-19,hal-03326636
http://web4.ensiie.fr/,hal-02417259
https://github.com/grasp-algorithm/label-driven-summarization.,hal-02417259
https://inria.hal.science/hal-03892080Submitted,hal-03892080
https://lod-cloud.net/,hal-03892080
https://github.com/RemiFELIN/RDFMininggraph.,hal-03892080
https://github.com/Wimmics/coreseAlgorithm,hal-03892080
https://www.sciencedirect.com/science/article/pii/S0926580516302928,hal-03892080
https://doi.org/10.1007/978-3-540-92673-3_0,hal-03892080
https://hal.inria.fr/hal-01591001,hal-03892080
https://hal.inria.fr/hal-03404125,hal-03892080
https://doi.org/10.5220/0005591001790186IC3K,hal-03892080
https://doi.org/10.1007/978-3-642-20795-2_6,hal-03892080
https://doi.org/10.1145/3350546.3352502,hal-03892080
https://doi.org/10.1145/3486622.3494025,hal-03892080
https://inria.hal.science/hal-02366725Submitted,hal-02366725
https://www.reasonstudios.com/press/275-reasons-flagship-europa-synth-now-available-as-a-plugin-for-other-daws-and-on-the-web,hal-02366725
http://www.charlie-roberts.com/genish/,hal-02366725
https://waaw.csound.com,hal-02366725
https://soul.dev,hal-02366725
https://github.com/micbuffa/WebAudioPlugins,hal-02366725
https://www.youtube.com/watch?v=pe8zg8O-BFs,hal-02366725
https://www.youtube.com/watch?v=jHftK3YxcjQ,hal-02366725
https://github.com/j-funk/kissfft-js,hal-02366725
https://github.com/j-funk/js-dsp-test/,hal-02366725
https://www.webcomponents.org,hal-02366725
https://jsbin.com/jeretab/edit?js,hal-02366725
https://guitarix.org/,hal-02366725
https://www.rebeltech.org/product/owl-pedal/,hal-02366725
https://wasabi.i3s.unice.fr/dynamicPedalboard/#,hal-02366725
https://inria.hal.science/hal-03516420Submitted,hal-03516420
http://xmlns.com/foaf/spec/Copyright,hal-03516420
https://wikitimeline.github.io/.2,hal-03516420
http://purl.org/dc/terms/title,hal-03516420
http://www.w3.org/2001/XMLSchema#date,hal-03516420
http://www.wikidata.org/prop/statement/,hal-03516420
http://www.wikidata.org/prop/,hal-03516420
http://www.wikidata.org/entity/statement/,hal-03516420
https://github.com/vasturiano/timelines-chart,hal-03516420
https://www.wikidata.org/wiki/Help:Qualiﬁers,hal-03516420
http://schema.org/startDate,hal-03516420
http://schema.org/endDate,hal-03516420
https://wikitimeline.github.io/search.html?subj=http://www.wikidata.org/entity/Q80.,hal-03516420
https://wikitimeline.github.io/under,hal-03516420
https://github.com/wikitimeline/wikitimeline.github.io,hal-03516420
http://www.w3.org/TR/sparql11-overview/13.,hal-03516420
https://github.com/exathlonbenchmark/exathlon.2,hal-03381732
http://arxiv.org/abs/1811.00075,hal-03381732
http://arxiv.org/abs/1901.03407,hal-03381732
https://www.spec.org/,hal-03381732
http://www.tpc.org/,hal-03381732
http://arxiv.org/abs/1810.07758,hal-03381732
http://archive.ics.uci.edu/ml/,hal-03381732
https://community.fico.com/s/explainable-machine-learning-challenge,hal-03381732
http://arxiv.org/abs/2010.05073,hal-03381732
https://christophm.github.io/interpretable-ml-book/,hal-03381732
http://odds.cs.stonybrook.edu/,hal-03381732
https://medium.com/@tao_66792/how-are-big-companies-using-apache-spark-413743dbbbae,hal-03381732
https://inria.hal.science/hal-02481240v2Submitted,hal-02481240
https://inria.hal.science/hal-02319638Submitted,hal-02319638
https://doi.org/10.1145/3350546.33525021,hal-02319638
https://doi.org/10.1145/3350546.3352502.provide,hal-02319638
http://dbpedia.org/sparqlcan,hal-02319638
https://www.w3.org/standards/semanticweb/,hal-02319638
https://www.w3.org/RDF/4https://docs.microsoft.com/en-us/windows/desktop/winrm/uri-prefixes5https://www.w3.org/TR/rdf-sparql-query/6https://lod-cloud.net/7http://linkeddata.org/8https://wiki.dbpedia.org/9https://www.w3.org/TR/owl-ref/consecutive,hal-02319638
http://dbpedia.org/resource/PREFIX,hal-02319638
http://dbpedia.org/ontology/PREFIX,hal-02319638
http://www.w3.org/1999/02/22,hal-02319638
https://www.w3.org/TR/owl2-syntax/#Disjoint,hal-02319638
https://www.w3.org/TR/owl2-syntax/12https://www.w3.org/TR/owl2-syntax/#Functional-Style,hal-02319638
http://dbpedia.org/ontology/,hal-02319638
https://bitbucket.org/RDFMiner/disjointnessclassaxiomge/src/master/GoldStandard.csv15http://ncra.ucd.ie/Site/GEVA.html16https://joernhees.de/blog/2015/11/23/setting-up-a-linked-data-mirror-from-rdf-dumps-dbpedia-2015-04-freebase-wikidata-linkedgeodata-with-virtuoso-7-2-1-and-docker-optional/17https://bitbucket.org/RDFMiner/classdisjointnessaxioms/src/master/Results/18https://bitbucket.org/RDFMiner/classdisjointnessaxioms/src/master/Results/GoldStandard.csvSiblingclass,hal-02319638
https://doi.org/10.1109/4235.942529,hal-02319638
https://doi.org/10.1016/j.websem.2015.07.001,hal-02319638
https://github.com/josemachino/ShERML.SHACLShExs,hal-03516713
http://inria.fr/TProduct,hal-03516713
http://inria.fr/TProduct/P1.Refining,hal-03516713
http://pebbie.org/mashup/rml5.,hal-03516713
http://ns.inria.fr/semed/eduprogression#,hal-02571170
http://www.w3.org/2000/01/rdf-schema#,hal-02571170
http://fr.dbpedia.org/resource/,hal-02571170
http://www.gaya-technology.com/incollables#,hal-02571170
http://ns.inria.fr/semed/linquest#,hal-02571170
http://ns.inria.fr/semed/frenchedu#,hal-02571170
http://www.w3.org/2000/01/rdf-schema#,hal-02571170
http://fr.dbpedia.org/resource,hal-02571170
http://dbpedia.org/ontology,hal-02571170
http://fr.dbpedia.org/resource,hal-02571170
http://doi.acm.org/10.1145/2462476.2465602.Hilary,hal-02571170
http://doi.ieeecomputersociety.org/10.1109/ICALT.2009.85.M.,hal-02571170
http://doi.acm.org/10.1145/1871437.1871576.Roberto,hal-02571170
http://dx.doi.org/10.1002/cpe.3449.Marija,hal-02571170
http://hdl.handle.net/2299/4885.M.,hal-02571170
http://dx.doi.org/10.1186/s13326-016-0089-6.Naveed,hal-02571170
http://dx.doi.org/10.1007/s00500-013-1141-4.Tahani,hal-02571170
http://ceur-ws.org/Vol-1265/owled2014_submission_11.pdf.Tahani,hal-02571170
http://dx.doi.org/10.1007/s13218-015-0405-9.Andreas,hal-02571170
http://dblp.uni-trier.de/db/conf/iadis/el2008.html#PapasalourosKK08.O.,hal-02571170
http://dx.doi.org/10.21125/edulearn.2017.1866.Note1http://media.education.gouv.fr/ﬁle/46/7/5467.pdf2http://ns.inria.fr/semed/eduprogression3http://www.inria.fr4http://www.qwant.com5http://www.lesincollables.com6https://en.wikipedia.org/wiki/Optical_character_recognition7http://ns.inria.fr/semed/linquest8http://www.gaya-technology.com/incollables9http://ns.inria.fr/semed/frenchedu/10https://en.wikipedia.org/wiki/Entity_linking11http://www.dbpedia-spotlight.org/,hal-02571170
https://inria.hal.science/hal-02253260Submitted,hal-02253260
https://iacademc.oup.com/insililcopants/advance-artice-abstract/ldoi/.101093/insilili/copants/dz0075519776bygueston30June2019,hal-02253260
http://creativecommons.org/licenses/by/4.0/,hal-02253260
https://github.com/openalea/hydroshoot,hal-02253260
https://iacademc.oup.com/insililcopants/advance-artice-abstract/ldoi/.101093/insilili/copants/dz0075519776bygueston30June2019,hal-02253260
https://iacademc.oup.com/insililcopants/advance-artice-abstract/ldoi/.101093/insilili/copants/dz0075519776bygueston30June2019,hal-02253260
https://iacademc.oup.com/insililcopants/advance-artice-abstract/ldoi/.101093/insilili/copants/dz0075519776byguest,hal-02253260
https://iacademc.oup.com/insililcopants/advance-artice-abstract/ldoi/.101093/insiliil/copants/dz0075519776bygueston30June2019,hal-02253260
https://iacademc.oup.com/insililcopants/advance-artice-abstract/ldoi/.101093/insiliil/copants/dz0075519776bygueston30June2019,hal-02253260
https://iacademc.oup.com/insililcopants/advance-artice-abstract/ldoi/.101093/insilili/copants/dz0075519776bygueston30June2019,hal-02253260
https://iacademc.oup.com/insililcopants/advance-artice-abstract/ldoi/.101093/insiliil/copants/dz0075519776byguest,hal-02253260
https://iacademc.oup.com/insililcopants/advance-artice-abstract/ldoi/.101093/insilili/copants/dz0075519776bygueston30June2019,hal-02253260
https://iacademc.oup.com/insililcopants/advance-artice-abstract/ldoi/.101093/insiliil/copants/dz0075519776bygueston30June2019,hal-02253260
http://www.python.org,hal-02253260
https://github.com/openalea/hydroshoot,hal-02253260
https://iacademc.oup.com/insililcopants/advance-artice-abstract/ldoi/.101093/insiliil/copants/dz0075519776byguest,hal-02253260
https://iacademc.oup.com/insililcopants/advance-artice-abstract/ldoi/.101093/insiliil/copants/dz0075519776bygueston30June2019,hal-02253260
https://iacademc.oup.com/insililcopants/advance-artice-abstract/ldoi/.101093/insilili/copants/dz0075519776byguest,hal-02253260
https://iacademc.oup.com/insililcopants/advance-artice-abstract/ldoi/.101093/insilili/copants/dz0075519776bygueston30June2019,hal-02253260
https://iacademc.oup.com/insililcopants/advance-artice-abstract/ldoi/.101093/insilili/copants/dz0075519776byguest,hal-02253260
https://iacademc.oup.com/insililcopants/advance-artice-abstract/ldoi/.101093/insilili/copants/dz0075519776bygueston30June2019,hal-02253260
https://iacademc.oup.com/insililcopants/advance-artice-abstract/ldoi/.101093/insiliil/copants/dz0075519776byguestComparison,hal-02253260
https://iacademc.oup.com/insililcopants/advance-artice-abstract/ldoi/.101093/insiliil/copants/dz0075519776byguest,hal-02253260
https://iacademc.oup.com/insililcopants/advance-artice-abstract/ldoi/.101093/insilili/copants/dz0075519776byguestFor,hal-02253260
https://iacademc.oup.com/insililcopants/advance-artice-abstract/ldoi/.101093/insiliil/copants/dz0075519776byguestTo,hal-02253260
https://iacademc.oup.com/insililcopants/advance-artice-abstract/ldoi/.101093/insiliil/copants/dz0075519776bygueston30June2019,hal-02253260
https://iacademc.oup.com/insililcopants/advance-artice-abstract/ldoi/.101093/insiliil/copants/dz0075519776byguest,hal-02253260
https://iacademc.oup.com/insililcopants/advance-artice-abstract/ldoi/.101093/insilili/copants/dz0075519776bygueston30June2019,hal-02253260
https://github.com/openalea/hydroshoot,hal-02253260
https://iacademc.oup.com/insililcopants/advance-artice-abstract/ldoi/.101093/insiliil/copants/dz0075519776byguestThe,hal-02253260
https://iacademc.oup.com/insililcopants/advance-artice-abstract/ldoi/.101093/insilili/copants/dz0075519776bygueston30June2019,hal-02253260
https://iacademc.oup.com/insililcopants/advance-artice-abstract/ldoi/.101093/insiliil/copants/dz0075519776bygueston30June2019,hal-02253260
https://iacademc.oup.com/insililcopants/advance-artice-abstract/ldoi/.101093/insiliil/copants/dz0075519776bygueston30June2019,hal-02253260
https://iacademc.oup.com/insililcopants/advance-artice-abstract/ldoi/.101093/insiliil/copants/dz0075519776bygueston30June2019,hal-02253260
https://iacademc.oup.com/insililcopants/advance-artice-abstract/ldoi/.101093/insiliil/copants/dz0075519776byguestZhu,hal-02253260
https://iacademc.oup.com/insililcopants/advance-artice-abstract/ldoi/.101093/insilili/copants/dz0075519776bygueston30June2019,hal-02253260
https://iacademc.oup.com/insililcopants/advance-artice-abstract/ldoi/.101093/insilili/copants/dz0075519776bygueston30June2019,hal-02253260
https://iacademc.oup.com/insililcopants/advance-artice-abstract/ldoi/.101093/insilili/copants/dz0075519776bygueston30June2019,hal-02253260
https://iacademc.oup.com/insililcopants/advance-artice-abstract/ldoi/.101093/insilili/copants/dz0075519776bygueston30June2019,hal-02253260
https://iacademc.oup.com/insililcopants/advance-artice-abstract/ldoi/.101093/insilili/copants/dz0075519776bygueston30June2019,hal-02253260
https://iacademc.oup.com/insililcopants/advance-artice-abstract/ldoi/.101093/insilili/copants/dz0075519776bygueston30June2019,hal-02253260
https://iacademc.oup.com/insililcopants/advance-artice-abstract/ldoi/.101093/insiliil/copants/dz0075519776bygueston30June2019,hal-02253260
https://iacademc.oup.com/insililcopants/advance-artice-abstract/ldoi/.101093/insiliil/copants/dz0075519776bygueston30June2019,hal-02253260
https://iacademc.oup.com/insililcopants/advance-artice-abstract/ldoi/.101093/insiliil/copants/dz0075519776bygueston30June2019,hal-02253260
https://iacademc.oup.com/insililcopants/advance-artice-abstract/ldoi/.101093/insilili/copants/dz0075519776bygueston30June2019,hal-02253260
https://iacademc.oup.com/insililcopants/advance-artice-abstract/ldoi/.101093/insiliil/copants/dz0075519776bygueston30June2019,hal-02253260
https://iacademc.oup.com/insililcopants/advance-artice-abstract/ldoi/.101093/insilili/copants/dz0075519776bygueston30June2019,hal-02253260
https://iacademc.oup.com/insililcopants/advance-artice-abstract/ldoi/.101093/insilili/copants/dz0075519776bygueston30June2019,hal-02253260
https://iacademc.oup.com/insililcopants/advance-artice-abstract/ldoi/.101093/insiliil/copants/dz0075519776bygueston30June2019,hal-02253260
https://iacademc.oup.com/insililcopants/advance-artice-abstract/ldoi/.101093/insilili/copants/dz0075519776bygueston30June2019,hal-02253260
https://hal-lirmm.ccsd.cnrs.fr/lirmm-02266483Submitted,lirmm-02266483
https://inria.hal.science/hal-03117322Submitted,hal-03117322
https://orcid.org/0000-0002-9345-3994https://orcid.org/0000-0001-5959-5561https://orcid.org/0000-0001-6610-0969https://orcid.org/0000-0003-1986-8435https://orcid.org/0000-0003-0543-1232https://orcid.org/0000-0002-0756-6934to,hal-03404572
http://fr.dbpedia.org/sparql2SPARQL,hal-03404572
http://sparql.archives-ouvertes.fr/sparql.When,hal-03404572
http://hdl.handle.net/10183/157522.Chawuthai,hal-03404572
http://bioportal.bioontology.org/ontologies/ATC2.,hal-01967586
http://bioportal.lirmm.fr/ontologies/CISP-2,hal-01967586
https://github.com/bourgaux/orbits,hal-03770516
https://zenodo.org/record/5946827,hal-03770516
https://data.cityofchicago.org/Health-Human-Services/Food-Inspections/4ijn-s7e5.,hal-03770516
https://data.cms.gov/provider-data/dataset/mj5m-pzi6.,hal-03770516
https://data.cityofnewyork.us/Health/DOHMH-New-York-City-Restaurant-Inspection-Results/43nn-pn8j.,hal-03770516
https://inria.hal.science/hal-04366893Submitted,hal-04366893
http://www.seals-project.euCEURWorkshopProceedingshttp://ceur-ws.orgISSN,hal-04366893
https://project-hobbit.eu/outcomes/hobbit-platform/5https://github.com/dwslab/melt6https://dwslab.github.io/melt/matcher-evaluation/client7https://dwslab.github.io/melt/matcher-packaging/web,hal-04366893
https://www.cancer.gov/cancertopics/cancerlibrary/terminologyresources9http://www.informatics.jax.org/searches/AMA,hal-04366893
https://framagit.org/IRIT,hal-04366893
https://ciqual.anses.fr/12http://langual.org/langual,hal-04366893
https://www.langual.org/default.asp14https://entrepot.recherche.data.gouv.fr/dataset.xhtml?persistentId=doi:10.15454/6CEYU315https://entrepot.recherche.data.gouv.fr/dataset.xhtml?persistentId=doi:10.15454/5LLGVY,hal-04366893
https://github.com/monarch-initiative/omim.17Created,hal-04366893
https://github.com/IHTSDO/snomed-owl-toolkit.,hal-04366893
https://krr-oxford.github.io/DeepOnto/#/19www.gfbio.org20www.nfdi4biodiversity.org/en/21www.aquadiva.uni-jena.de22biodivportal.gfbio.org/23ecoportal.lifewatch.eu/,hal-04366893
https://github.com/EngyNasr/MSE-Benchmark/releases/tag/v1.1,hal-04366893
https://raw.githubusercontent.com/iNovexIrad/MatOnto-Ontologies/master/matonto-release.ttl26http://purl.obolibrary.org/obo/bfo/2.0/bfo.owl27https://raw.githubusercontent.com/emmo-repo/EMMO/1.0.0-alpha2/emmo.owl,hal-04366893
https://www.wikia.com/,hal-04366893
https://github.com/dwslab/melt/tree/master/examples/kgEvalCli30http://oaei.ontologymatching.org/2019/results/knowledgegraph/kgBaselineMatchers.zip,hal-04366893
https://pgxlod.loria.fr/,hal-04366893
https://www.cs.ox.ac.uk/isg/projects/ConCur/oaei/2023/,hal-04366893
https://web.archive.org/web/20231120093331/https://www.cs.ox.ac.uk/isg/projects/ConCur/oaei/2023/,hal-04366893
https://oaei.ontologymatching.org/2023/results/commonKG/index.html,hal-04366893
https://schema.org/distribution,hal-04366893
http://www.w3.org/ns/dcat#distribution.,hal-04366893
http://oaei.ontologymatching.org/2019/results/knowledgegraph/small,hal-04366893
http://oaei.ontologymatching.org/2023/results/knowledgegraph/knowledgegraph-alignments.zip36http://oaei.ontologymatching.org/2023/results/knowledgegraph/index.html37http://oaei.ontologymatching.org/2023/results/knowledgegraph/knowledge,hal-04366893
https://matportal.org/39https://matportal.org/ontologies/BWMD-MID40https://matportal.org/ontologies/MSEO41https://github.com/materialdigital/core-ontology/42https://www.ebi.ac.uk/ols/ontologies/prov43https://industrialontologies.org/working-groups/the-material-science-and-engineering-mse-working-group-wg/44https://ontocommons.eu45https://github.com/Mat-O-Lab/AluTraceProject,hal-04366893
http://oaei.ontologymatching.org.AcknowledgmentsWe,hal-04366893
http://ceur-ws.org/Vol-156/.,hal-04366893
https://ceur-ws.org/Vol-3324/oaei22,hal-04366893
http://ceur-ws.org/Vol-3063/oaei21,hal-04366893
http://ceur-ws.org/Vol-2788/oaei20,hal-04366893
http://ceur-ws.org/Vol-2032/oaei17,hal-04366893
http://ceur-ws.org/Vol-1317/oaei14,hal-04366893
http://oaei.ontologymatching.org/2013/results/oaei2013.pdf.,hal-04366893
http://oaei.ontologymatching.org/2012/results/oaei2012.pdf.,hal-04366893
http://oaei.ontologymatching.org/2010/results/oaei2010.pdf.,hal-04366893
http://ceur-ws.org/Vol-304/paper9.pdf.,hal-04366893
http://ceur-ws.org/Vol-225/paper7.pdf.,hal-04366893
https://doi.org/10.1093/database/baac035.,hal-04366893
https://doi.org/10.1186/s13326-017-0166-5.,hal-04366893
http://www.sciencedirect.com/science/article/pii/S157082681200039X.doi:10.1016/j.websem.2012.04.001.,hal-04366893
https://doi.org/10.4018/ijaeis.20211001.oa4.doi:10.4018/ijaeis.20211001.oa4.,hal-04366893
http://dx.doi.org/10.1007/978-3-642-38288-8,hal-04366893
http://dx.doi.org/10.1007/978-3-319-46523-4,hal-04366893
https://doi.org/10.1007/978-3-031-19433-7,hal-04366893
https://doi.org/10.1007/s13222-016-0231-8.,hal-04366893
https://doi.org/10.1017/S0269888920000132.,hal-04366893
https://ceur-ws.org/Vol-3324/om2022,hal-04366893
https://doi.org/10.15497/RDA00069.,hal-04366893
https://doi.org/10.1162/dint,hal-04366893
https://github.com/okfn-brasil/schemaOrg-Wikidata-Map,hal-04366893
https://ceur-ws.org/Vol-3324/om2022STpaper3.pdf.,hal-04366893
https://doi.org/10.1007/978-3-030-57855-8,hal-04366893
https://doi.org/10.1186/s12859-019-2693-9.,hal-04366893
http://www.sciencedirect.com/science/article/pii/S0953543811000579.,hal-04366893
http://dx.doi.org/10.1016/j.intcom.2011.05.008.,hal-04366893
https://doi.org/10.3233/SW-210452.,hal-04366893
https://laas.hal.science/hal-04385641Submitted,hal-04385641
https://inria.hal.science/hal-03099724Submitted,hal-03099724
https://github.com/MmoooGit/MoRAI,hal-03099724
https://www.nytimes.com/2014/10/06/technology/hong-kong-protests-propel-a-phone-to-phone-app-.html.,hal-03099724
https://inria.hal.science/hal-03151014Submitted,hal-03151014
https://hal.inria.fr/hal-01811835,hal-03151014
http://dx.doi.org/10.1109/LICS.2008.17,hal-03151014
https://doi.org/10.1145/990308.99031241,hal-03151014
https://doi.org/10.1007/978-3-030-00250-3_9,hal-03151014
http://tata.gforge.inria.fr,hal-03151014
https://doi.org/10.1017/S0960129518000208,hal-03151014
https://doi.org/10.1007/978-3-662-43951-7_21975,hal-03151014
https://doi.org/10.1016/j.entcs.2005.06.025,hal-03151014
https://doi.org/10.1007/978-94-010-0526-5_15.,hal-03151014
https://doi.org/10.1007/3-540-44904-3_11,hal-03151014
https://doi.org/10.1109/SFCS.1977.16,hal-03151014
https://doi.org/10.1137/0219027,hal-03151014
https://doi.org/10.1007/978-3-319-23826-5_4,hal-03151014
https://doi.org/10.1016/j.jcss.2012.03.003,hal-03151014
https://doi.org/10.1016/S0022-0000,hal-03151014
http://www.sciencedirect.com/science/article/pii/S002200007080006X43,hal-03151014
https://hal.inrae.fr/hal-03693593Submitted,hal-03693593
https://www.copernicus.eu/en2https://sentinelsat.readthedocs.io/en/stable/Sen2Cor,hal-03693593
https://gitlab.inria.fr/jestopin/sen2patch.2.1.2.,hal-03693593
https://gitlab.inria.fr/jestopin/sen2patch.Global,hal-03693593
https://scihub.copernicus.eu/,hal-03693593
https://sentinel.esa.int/web/sentinel/missions/sentinel-2Frontiers,hal-03693593
http://www.idris.fr/annonces/annonce-jean-zay-eng.htmlThey,hal-03693593
https://gitlab.inria.fr/jestopin/sen2patch.In,hal-03693593
https://lpdaac.usgs.gov/products/srtmgl1v003/Frontiers,hal-03693593
https://gitlab.inria.fr/jestopin/sen2patch.-,hal-03693593
https://doi.org/10.15468/dl.4bijtu,hal-03693593
https://doi.org/10.5281/zenodo.4972593.AUTHOR,hal-03693593
https://sedac.ciesin.columbia.edu/data/set/wildareas-v3-2009-human-footprintand,hal-03693593
https://soilgrids.org/for,hal-03693593
https://www.frontiersin.org/articles/10.3389/fpls.2022.839327/full#supplementary-materialFrontiers,hal-03693593
https://doi.org/10.3897/biss.5.73699AbstractHarnessing,hal-03373536
https://doi.org/10.2200/s00334ed1v01y201102wbe001Michel,hal-03373536
https://doi.org/10.7717/peerj.6739Penev,hal-03373536
https://doi.org/10.3390/publications7020038,hal-03373536
https://inria.hal.science/hal-02058664v2Submitted,hal-02058664
https://team.inria.fr/wimmics/,hal-02058664
http://rdf.js.org/,hal-02058664
http://hypergraphql.org/,hal-02058664
https://www.w3.org/2005/Incubator/urw3/XGR-urw3-20080331/,hal-02058664
http://www.jfsowa.com/pubs/semnet.htm,hal-02058664
https://github.com/iherman/canonical_rdf,hal-02058664
https://www.w3.org/2005/04/fresnel-info/,hal-02058664
http://ns.inria.fr/prissma,hal-02058664
http://wimmics.inria.fr/projects/prissma/,hal-02058664
https://www.w3.org/2005/ajar/tab,hal-02058664
http://www.semanticaudio.ac.uk3,hal-03812106
http://wasabi.i3s.unice.fr/4,hal-03812106
https://en.wikipedia.org/wiki/LyricWiki5,hal-03812106
http://usdb.animux.de/6,hal-03812106
http://millionsongdataset.com/lastfm/,hal-03812106
http://wasabi.i3s.unice.fr/11,hal-03812106
https://wasabi.i3s.unice.fr/apidoc/12,hal-03812106
http://wasabi.inria.fr/sparql13,hal-03812106
https://doi.org/10.5281/zenodo.5603369,hal-03812106
https://en.wikipedia.org/wiki/LyricWiki15,hal-03812106
https://developer.musixmatch.com/,hal-03812106
https://jsbin.com/joyifojuva/edit16,hal-03812106
https://wasabi.i3s.unice.fr/#/search/artist/Britney%20Spears/album/In%20The%20Zone/song/Everytime17,hal-03812106
https://github.com/TuringTrain/lyrics_thumbnailing,hal-03812106
https://github.com/deezer/deezer_mood_detection_dataset23,hal-03812106
https://www.wortwolken.com/,hal-03812106
https://spacy.io/.,hal-03812106
https://en.wikipedia.org/wiki/Bloody_Sunday_,hal-03812106
https://github.com/micbuffa/WasabiDataset/,hal-03812106
http://rdfs.org/scot/spec/30,hal-03812106
http://purl.org/ontology/af/31,hal-03812106
http://purl.org/ontology/chord/32,hal-03812106
http://rdfs.org/scot/spec/33,hal-03812106
http://www.ontologydesignpatterns.org/ont/dul/ontopic.owl,hal-03812106
https://doi.org/10.5281/zenodo.4312641,hal-03812106
https://doi.org/10.5281/zenodo.560336935,hal-03812106
http://wasabi.inria.fr/sparql,hal-03812106
http://millionsongdataset.com/musixmatch/,hal-03812106
https://www.soundtrackyourbrand.com,hal-03812106
https://hal.archives-ouvertes.fr/hal-009085437.,hal-03812106
https://books.google.fr/books?id=yHniAAAAMAAJ11.,hal-03812106
https://hal.inria.fr/hal-0236673016.,hal-03812106
https://tel.archives-ouvertes.fr/tel-0258791024.,hal-03812106
https://hal.archives-ouvertes.fr/hal-0228113725.,hal-03812106
https://hal.archives-ouvertes.fr/hal-0228113826.,hal-03812106
https://www.aclweb.org/anthology/2020.lrec-1.262/27.,hal-03812106
https://hal.archives-ouvertes.fr/hal-0188356128.,hal-03812106
https://doi.org/10.5281/zenodo.1212303,hal-03812106
http://doi.acm.org/10.1145/1101149.110125540.,hal-03812106
https://www.aclweb.org/anthology/D12-105444.,hal-03812106
http://arxiv.org/abs/1901.0483148.,hal-03812106
http://dl.acm.org/citation.cfm?id=1557690.155772560.,hal-03812106
https://inria.hal.science/hal-02422796Submitted,hal-02422796
https://pypi.org/project/pychronicles/,hal-02422796
https://gitlab.inria.fr/tguyet/pychronicles,hal-02422796
https://inria.hal.science/hal-03500647Submitted,hal-03500647
http://dbpedia.org/resource/Denmark,hal-03500647
http://dbpedia.org/resource/,hal-03500647
https://relweb.cs.aau.dk/triedf.5.1,hal-03500647
http://tools.wmflabs.org/wikidata-exports/rdf/index.html4,hal-03500647
https://jena.apache.org/5,hal-03500647
http://rtw.ml.cmu.edu/rtw/resources9,hal-03500647
https://github.com/cozy/dissec_cozy/blob/master/DEMONSTRATION.md2https://clipchamp.com/watch/7vsaYZyPEDaAggregationtreeAAACCCCAQ,hal-04234719
https://cozy.io/fr/,hal-04234719
https://inria.hal.science/hal-02549758Submitted,hal-02549758
https://aws.amazon.com/ec2/instance-types/.,hal-02549758
https://aws.amazon.com/rds/aurora/serverless/.,hal-02549758
https://www.coin-or.org/Bonmin/.,hal-02549758
https://projects.coin-or.org/Couenne/.,hal-02549758
https://www.lix.polytechnique.fr/,hal-02549758
https://www.artelys.com/docs/knitro/index.html.,hal-02549758
https://neos-guide.org/content/nonlinear-programming.,hal-02549758
https://www.oracle.com/big-data/data-ﬂow/.,hal-02549758
http://scalla.cs.umass.edu/papers/udao2020.pdf.,hal-02549758
http://www.tpc.org/tpcx-bb/,hal-02549758
https://hal.archives-ouvertes.fr/hal-02902853v1.Funding,hal-02902853
https://doi.org/10.1006/jcss.1999.1684,hal-02902853
http://tata.gforge.inria.fr/.5,hal-02902853
https://doi.org/10.1007/BF02915449,hal-02902853
http://doi.acm.org/10.1145/1707801.1706355,hal-02902853
https://inria.hal.science/hal-03619869Submitted,hal-03619869
https://www.d2kab.org/,hal-03619869
https://github.com/Wimmics/d2kab/tree/main/meteo/ontology3,hal-03619869
https://github.com/Wimmics/d2kab/tree/main/meteo,hal-03619869
https://www.w3.org/TR/swbp-specified-values/5,hal-03619869
https://www.w3.org/2004/02/skos/6,hal-03619869
https://github.com/Wimmics/d2kab/blob/main/meteo/ontology/features-properties-vocabulaire.ttl,hal-03619869
https://epic.awi.de/id/eprint/29967/1/WMO2011i.pdf,hal-03619869
https://www.w3.org/TR/vocab-data-cube/,hal-03619869
https://www.meteofrance.com/10,hal-03619869
https://public.wmo.int/en/,hal-03619869
https://donneespubliques.meteofrance.fr/?fond=produit&id_produit=90&id_rubrique=3212,hal-03619869
https://donneespubliques.meteofrance.fr/donnees_libres/Txt/Synop/postesSynop.json14,hal-03619869
https://github.com/frmichel/morph-xr2rml/,hal-03619869
https://github.com/Wimmics/d2kab/tree/main/meteo/Lifting-dataset16,hal-03619869
https://doi.org/10.5281/zenodo.5925413,hal-03619869
https://github.com/Wimmics/d2kab/tree/main/meteo/sparql-examples,hal-03619869
http://aemet.linkeddata.es/sparql19,hal-03619869
https://www.d2kab.org/,hal-03619869
https://www.w3.org/TR/2014/REC-vocab-data-cube-20140116/.11.,hal-03619869
http://ec.europa.eu/justice/fundamental-rights/files/hate_speech_code_of_1,hal-02972184
https://www.oeaw.ac.at/fileadmin/subsites/academiaecorpora/PDF/GermEval2018_Proceedings.pdf3http://www.evalita.it/20184http://www.di.unito.it/~tutreeb/sentipolc-evalita16/index.html5https://sites.google.com/view/ibereval-20184,hal-02972184
http://www.di.unito.it/~tutreeb/haspeede-evalita187https://www.oeaw.ac.at/ac/konvens2018/workshop/9,hal-02972184
https://fasttext.cc/docs/en/crawl-vectors.html9https://fasttext.cc/docs/en/english-vectors.html10https://fasttext.cc/docs/en/english-vectors.html10,hal-02972184
https://www.spinningbytes.com/resources/wordembeddings/12https://www.spinningbytes.com/resources/wordembeddings/11,hal-02972184
https://github.com/dhfbk/emoji-transcriptions,hal-02972184
http://storage.googleapis.com/books/ngrams/books/datasetsv2.html14https://github.com/carpedm20/emoji15https://www.unicode.org/emoji/charts/full-emoji-list.html12,hal-02972184
http://t.co/DcOSHfmfxK,hal-02972184
http://creep-project.eu/17http://hatemeter.eu/28,hal-02972184
https://github.com/fchollet/keras,hal-02972184
https://inria.hal.science/hal-03602177Submitted,hal-03602177
https://doi.org/10.1186/s13326-022-00266-4RESEARCHOpen,hal-03602177
http://creativecommons.org/licenses/by/4.0/.,hal-03602177
http://creativecommons.org/publicdomain/zero/1.0/,hal-03602177
https://regulatorycircuits-lod.genouest.org/,hal-03602177
https://regulatorycircuits-lod.genouest.org.,hal-03602177
https://github.com/mlouarn/RCsparql/.,hal-03602177
https://zenodo.org/record/4889146.ResultsComputation,hal-03602177
https://www.genouest.org,hal-03602177
https://regulatorycircuits-lod.genouest.org.Set,hal-03602177
https://github.com/mlouarn/RCsparql/.LERC,hal-03602177
https://doi.org/10.1109/JBHI.2017.2778263.5.,hal-03602177
http://regulatorycircuits.org/.,hal-03602177
https://doi.org/10.1038/s41746-019-0162-5.13.,hal-03602177
https://regulatorycircuits-lod.genouest.org/.16.,hal-03602177
https://doi.org/10.1093/nar/gkaa1100.17.,hal-03602177
https://doi.org/10.1093/nar/gkaa942.18.,hal-03602177
https://doi.org/10.1093/database/baw105.24.,hal-03602177
https://doi.org/10.5281/zenodo.4889146.,hal-03602177
https://telecom-paris.hal.science/hal-03256451Submitted,hal-03256451
https://cifkao.github.io/spe/,hal-03256451
https://cifkao.github.io/spe/Figure,hal-03256451
http://arxiv.org/abs/1409.0473.,hal-03256451
http://arxiv.org/abs/1905.09786.arXiv:1905.09786.Chen,hal-03256451
http://arxiv.org/abs/1804.09849.arXiv:1804.09849.Child,hal-03256451
http://arxiv.org/abs/1904.10509.arXiv:1904.10509.Choromanski,hal-03256451
http://arxiv.org/abs/2009.14794.,hal-03256451
https://doi.org/10.5281/3527878.zenodo.3527878.Dai,hal-03256451
http://arxiv.org/abs/1807.03819.,hal-03256451
http://arxiv.org/abs/1810.04805.,hal-03256451
http://arxiv.org/abs/1705.03122.arXiv:1705.03122.Genton,hal-03256451
http://arxiv.org/abs/2006.03654.arXiv:2006.03654.C,hal-03256451
https://hal.archives-ouvertes.fr/hal-02923548.Hofst,hal-03256451
http://arxiv.org/abs/1809.04281.arXiv:1809.04281.Huang,hal-03256451
http://arxiv.org/abs/1905.04226.,hal-03256451
http://arxiv.org/abs/2006.15595.Kim,hal-03256451
http://arxiv.org/abs/1910.06762.,hal-03256451
http://doi.org/10.1080/23311835.2016.1154705.doi:Lan,hal-03256451
http://arxiv.org/abs/1909.11942.,hal-03256451
http://arxiv.org/abs/March,hal-03256451
http://arxiv.org/abs/1907.11692.arXiv:1907.11692.Ma,hal-03256451
http://aclweb.org/anthology/N19-1205.Maas,hal-03256451
https://www.aclweb.org/anthology/P11-1015.Matheron,hal-03256451
https://www.aclweb.org/anthology/N18-4013.Neishi,hal-03256451
https://www.aclweb.org/anthology/K19-1031.,hal-03256451
https://acl-bg.org/proceedings/2019/RANLP2019/pdf/RANLP099.pdf.Pham,hal-03256451
http://arxiv.org/abs/2005.09940.Radev,hal-03256451
https://doi.org/10.1007/s10579-012-9211-2.Raffel,hal-03256451
http://arxiv.org/abs/1910.10683.arXiv:1910.10683.Rosendahl,hal-03256451
http://arxiv.org/abs/2003.05997.arXiv:2003.05997.Shaw,hal-03256451
http://arxiv.org/abs/1803.02155.,hal-03256451
http://arxiv.org/abs/1503.08895.,hal-03256451
https://openreview.net/forum?id=qVyeW-grC2k.Tsai,hal-03256451
http://arxiv.org/abs/1912.12333.arXiv:1912.12333.Wang,hal-03256451
https://openreview.net/forum?id=onxoVA9FxMw.Shen,hal-03256451
http://arxiv.org/abs/1812.01243.arXiv:1812.01243.Wang,hal-03256451
http://arxiv.org/abs/2006.04768.arXiv:2006.04768.Shiv,hal-03256451
http://arxiv.org/abs/2010.06891.,hal-03256451
http://arxiv.org/abs/1906.01282.arXiv:1906.01282.Xu,hal-03256451
https://github.com/aliutkus/spe/See,hal-03256451
https://cifkao.github.io/spe/Qd,hal-03256451
https://github.com/google-research/long-range-arena8https://github.com/idiap/fast-transformers,hal-03256451
https://github.com/YatingMusic/compound-word-transformer10https://github.com/joshuachang2311/chorder,hal-03256451
http://doi.org/10.5281/zenodo.395800012https://www.pgmusic.com/drums,hal-03256451
https://team.inria.fr/cedar/projects/abstra/pathways/.3,hal-04103293
https://hal.inrae.fr/hal-03711320Submitted,hal-03711320
https://www.ecpgr.cgiar.org/working-groups/berries,hal-03711320
https://www.rosaceae.org,hal-03711320
https://www.vaccinium.org,hal-03711320
https://www.ncbi.nlm.nih.gov,hal-03711320
https://www.ebi.ac.uk,hal-03711320
https://www.ddbj.nig.ac.jp,hal-03711320
https://doi.org/10.1093/gigascience/giz056Bisbis,hal-03711320
https://doi.org/10.1093/gigascience/giz012Cooper,hal-03711320
https://cordis.europa.eu/project/id/679303/reporting,hal-03711320
https://www.fao.org/faostat/en/#data/TCL,hal-03711320
https://doi.org/10.1093/gigascience/giaa030Feng,hal-03711320
https://doi.org/10.1111/tpj.15690VanBuren,hal-03711320
